Грузополучатель,Грузополучатель_адрес,reciever_lat,reciever_long
2773,"[54.3408, 73.2098]",54.3408,73.2098
8536,"[55.00907075000001, 73.29768400924007]",55.00907075000001,73.29768400924007
8782,"[55.3353049, 61.3115019]",55.3353049,61.3115019
23908,"[46.19232602727273, 5.996606054545454]",46.19232602727273,5.996606054545454
24446,"[43.3620656, 132.8319624]",43.3620656,132.8319624
27605,"[61.2412, 77.4858]",61.2412,77.4858
27645,"[55.00907075000001, 73.29768400924007]",55.00907075000001,73.29768400924007
37846,"[63.1667, 75.6167]",63.1667,75.6167
38819,"[59.9321, 30.1968]",59.9321,30.1968
39295,"[61.0042, 69.0019]",61.0042,69.0019
39463,"[59.9321, 30.1968]",59.9321,30.1968
39955,"[59.8944, 30.2642]",59.8944,30.2642
40873,"[59.9321, 30.1968]",59.9321,30.1968
44169,"[55.752, 37.615]",55.752,37.615
50105,"[52.2547942, 104.31817624339601]",52.2547942,104.31817624339601
50238,"[55.00907075000001, 73.29768400924007]",55.00907075000001,73.29768400924007
50630,"[66.8811, 79.4907]",66.8811,79.4907
50667,"[51.9704148, 55.1857471]",51.9704148,55.1857471
52800,"[56.635, 60.5817]",56.635,60.5817
55704,"[55.9606, 38.0456]",55.9606,38.0456
56893,"[63.1667, 75.6167]",63.1667,75.6167
57164,"[55.7522, 37.6156]",55.7522,37.6156
58378,"[34.9068226, 128.706920738721]",34.9068226,128.706920738721
58553,"[60.1256, 29.8764]",60.1256,29.8764
61730,"[59.9321, 30.1968]",59.9321,30.1968
73273,"[51.449, 57.0908]",51.449,57.0908
74160,"[53.2514, 40.2883]",53.2514,40.2883
76305,"[54.39, 71.88]",54.39,71.88
20000052,"[54.3408, 73.2098]",54.3408,73.2098
20000057,"[68.9717, 33.0819]",68.9717,33.0819
20000058,"[61.0042, 69.0019]",61.0042,69.0019
20000059,"[51.63514235, 59.340583648072084]",51.63514235,59.340583648072084
20000072,"[57.1, 65.76]",57.1,65.76
20000094,"[55.0411, 82.9344]",55.0411,82.9344
20000128,"[43.3620656, 132.8319624]",43.3620656,132.8319624
20000147,"[55.4353, 78.2667]",55.4353,78.2667
20000152,"[61.0042, 69.0019]",61.0042,69.0019
20000157,"[61.0042, 69.0019]",61.0042,69.0019
20000185,"[54.3408, 73.2098]",54.3408,73.2098
20000187,"[60.9339411, 76.5814274]",60.9339411,76.5814274
20000218,"[63.1667, 75.6167]",63.1667,75.6167
20000219,"[63.1667, 75.6167]",63.1667,75.6167
20000220,"[63.1667, 75.6167]",63.1667,75.6167
20000221,"[63.1667, 75.6167]",63.1667,75.6167
20000222,"[63.1667, 75.6167]",63.1667,75.6167
20000223,"[63.1667, 75.6167]",63.1667,75.6167
20000229,"[63.1667, 75.6167]",63.1667,75.6167
20000246,"[65.9175552, 78.1970554]",65.9175552,78.1970554
20000249,"[57.1522, 65.5272]",57.1522,65.5272
20000257,"[66.6572, 66.4183]",66.6572,66.4183
20000258,"[66.0833, 76.6333]",66.0833,76.6333
20000263,"[59.8944, 30.2642]",59.8944,30.2642
20000273,"[54.3408, 73.2098]",54.3408,73.2098
20000277,"[55.1544, 61.4297]",55.1544,61.4297
20000285,"[51.449, 57.0908]",51.449,57.0908
20000286,"[54.3408, 73.2098]",54.3408,73.2098
20000304,"[63.1667, 75.6167]",63.1667,75.6167
20000305,"[63.1667, 75.6167]",63.1667,75.6167
20000306,"[63.1667, 75.6167]",63.1667,75.6167
20000307,"[63.1667, 75.6167]",63.1667,75.6167
20000308,"[63.1667, 75.6167]",63.1667,75.6167
20000314,"[63.1667, 75.6167]",63.1667,75.6167
20000317,"[60.1256, 29.8764]",60.1256,29.8764
20000325,"[34.9068226, 128.706920738721]",34.9068226,128.706920738721
20000327,"[68.9717, 33.0819]",68.9717,33.0819
20000329,"[68.9717, 33.0819]",68.9717,33.0819
20000332,"[53.3267225, 50.3051858]",53.3267225,50.3051858
20000334,"[55.5692, 37.4842]",55.5692,37.4842
20000358,"[63.1667, 75.6167]",63.1667,75.6167
20000387,"[57.1, 65.76]",57.1,65.76
20000397,"[63.1667, 75.6167]",63.1667,75.6167
20000403,"[57.1, 65.76]",57.1,65.76
20000407,"[55.9606, 38.0456]",55.9606,38.0456
20000414,"[56.5, 84.9667]",56.5,84.9667
20000421,"[63.1667, 75.6167]",63.1667,75.6167
20000422,"[57.1495376, 60.6108756]",57.1495376,60.6108756
20000429,"[55.7522, 37.6156]",55.7522,37.6156
20000432,"[43.3620656, 132.8319624]",43.3620656,132.8319624
20000446,"[58.2, 68.2667]",58.2,68.2667
20000447,"[52.3445327, 84.4583842]",52.3445327,84.4583842
20000450,"[55.752, 37.615]",55.752,37.615
20000451,"[66.6572, 66.4183]",66.6572,66.4183
20000454,"[57.1, 65.76]",57.1,65.76
20000462,"[56.51660555, 38.08281522726428]",56.51660555,38.08281522726428
20000488,"[55.7522, 37.6156]",55.7522,37.6156
20000493,"[61.2412, 77.4858]",61.2412,77.4858
20000498,"[58.2918806, 68.3249]",58.2918806,68.3249
20000499,"[60.1256, 29.8764]",60.1256,29.8764
20000501,"[59.8085944, 30.5771454]",59.8085944,30.5771454
20000502,"[66.6572, 66.4183]",66.6572,66.4183
20000510,"[56.51660555, 38.08281522726428]",56.51660555,38.08281522726428
20000511,"[63.1667, 75.6167]",63.1667,75.6167
20000513,"[55.752, 37.615]",55.752,37.615
20000514,"[59.8944, 30.2642]",59.8944,30.2642
20000515,"[63.12280945, 75.36793856320467]",63.12280945,75.36793856320467
20000519,"[66.6615094, 66.3810869]",66.6615094,66.3810869
20000525,"[68.9717, 33.0819]",68.9717,33.0819
20000528,"[61.8049094, 34.3378509]",61.8049094,34.3378509
20000529,"[51.7847, 55.0986]",51.7847,55.0986
20000533,"[55.4353, 78.2667]",55.4353,78.2667
20000534,"[55.3545361, 78.3339639]",55.3545361,78.3339639
20000537,"[66.6615094, 66.3810869]",66.6615094,66.3810869
20000539,"[61.0042, 69.0019]",61.0042,69.0019
20000549,"[42.6085925, 44.2264293]",42.6085925,44.2264293
20000559,"[66.8811, 79.4907]",66.8811,79.4907
20000560,"[66.0833, 76.6333]",66.0833,76.6333
20000564,"[66.8811, 79.4907]",66.8811,79.4907
20000565,"[66.8811, 79.4907]",66.8811,79.4907
20000568,"[56.5, 84.9667]",56.5,84.9667
20000569,"[56.5, 84.9667]",56.5,84.9667
20000570,"[66.6674278, 66.3806982]",66.6674278,66.3806982
20000583,"[51.7847, 55.0986]",51.7847,55.0986
20000584,"[56.5, 84.9667]",56.5,84.9667
20000585,"[56.860786399999995, 60.52682850765105]",56.860786399999995,60.52682850765105
20000588,"[55.8036, 38.185]",55.8036,38.185
20000624,"[60.076126, 71.473679]",60.076126,71.473679
20000625,"[66.0833, 76.6333]",66.0833,76.6333
20000626,"[66.6615094, 66.3810869]",66.6615094,66.3810869
20000627,"[66.6674278, 66.3806982]",66.6674278,66.3806982
20000629,"[63.1667, 75.6167]",63.1667,75.6167
20000630,"[63.1667, 75.6167]",63.1667,75.6167
20000643,"[56.860786399999995, 60.52682850765105]",56.860786399999995,60.52682850765105
20000644,"[56.860786399999995, 60.52682850765105]",56.860786399999995,60.52682850765105
20000645,"[63.1667, 75.6167]",63.1667,75.6167
20000646,"[64.4831222, 76.6980528]",64.4831222,76.6980528
20000647,"[64.4831222, 76.6980528]",64.4831222,76.6980528
20000648,"[42.49791845, 1.5032263738029337]",42.49791845,1.5032263738029337
20000666,"[68.9717, 33.0819]",68.9717,33.0819
20000677,"[59.5497806, 70.0022944]",59.5497806,70.0022944
20000694,"[51.1133, 59.0831]",51.1133,59.0831
20000711,"[50.21423125, 136.90624000856457]",50.21423125,136.90624000856457
20000728,"[66.0833, 76.6333]",66.0833,76.6333
20000729,"[56.51660555, 38.08281522726428]",56.51660555,38.08281522726428
20000730,"[57.1, 65.76]",57.1,65.76
20000731,"[66.8811, 79.4907]",66.8811,79.4907
20000732,"[66.8811, 79.4907]",66.8811,79.4907
20000733,"[66.0833, 76.6333]",66.0833,76.6333
20000734,"[53.3267225, 50.3051858]",53.3267225,50.3051858
20000751,"[51.449, 57.0908]",51.449,57.0908
20000762,"[51.449, 57.0908]",51.449,57.0908
20000763,"[50.2970213, 127.5423504]",50.2970213,127.5423504
20000769,"[61.1665511, 75.9735438]",61.1665511,75.9735438
20000770,"[61.05, 76.1]",61.05,76.1
20000771,"[55.00907075000001, 73.29768400924007]",55.00907075000001,73.29768400924007
20000823,"[61.2412, 77.4858]",61.2412,77.4858
20000827,"[56.7658, 105.6483]",56.7658,105.6483
20000838,"[59.9321, 30.1968]",59.9321,30.1968
20000844,"[60.02262305, 30.264307885641852]",60.02262305,30.264307885641852
20000845,"[44.5828974, 38.2788325]",44.5828974,38.2788325
20000852,"[49.758813, 45.9050433]",49.758813,45.9050433
20000873,"[53.53, 59.5767]",53.53,59.5767
20000904,"[66.8811, 79.4907]",66.8811,79.4907
20000928,"[60.9339411, 76.5814274]",60.9339411,76.5814274
20000929,"[48.528096, 135.18291320418953]",48.528096,135.18291320418953
20000930,"[56.860786399999995, 60.52682850765105]",56.860786399999995,60.52682850765105
20000931,"[61.2412, 77.4858]",61.2412,77.4858
20000944,"[66.8811, 79.4907]",66.8811,79.4907
20000949,"[63.12280945, 75.36793856320467]",63.12280945,75.36793856320467
20000954,"[58.7084, 32.7636]",58.7084,32.7636
20000968,"[48.778029399999994, 132.9324084472222]",48.778029399999994,132.9324084472222
20000970,"[66.878941, 79.76866586090222]",66.878941,79.76866586090222
20000973,"[61.05, 76.1]",61.05,76.1
20000974,"[61.2412, 77.4858]",61.2412,77.4858
20000978,"[51.449, 57.0908]",51.449,57.0908
20000979,"[51.449, 57.0908]",51.449,57.0908
20000988,"[61.2412, 77.4858]",61.2412,77.4858
20000993,"[54.3408, 73.2098]",54.3408,73.2098
20000999,"[61.05, 76.1]",61.05,76.1
20001004,"[61.2412, 77.4858]",61.2412,77.4858
20001008,"[55.1611757, 61.400622]",55.1611757,61.400622
20001009,"[61.2412, 77.4858]",61.2412,77.4858
20001010,"[61.035404, 76.108215]",61.035404,76.108215
20001013,"[61.2412, 77.4858]",61.2412,77.4858
20001027,"[68.9717, 33.0819]",68.9717,33.0819
20001028,"[56.7564891, 61.7693309]",56.7564891,61.7693309
20001036,"[67.4667, 78.7]",67.4667,78.7
20001045,"[59.94955755, 30.389906303983196]",59.94955755,30.389906303983196
20001046,"[62.1406, 65.3936]",62.1406,65.3936
20001059,"[62.5206, 65.5964]",62.5206,65.5964
20001061,"[61.2412, 77.4858]",61.2412,77.4858
20001083,"[57.1522, 65.5272]",57.1522,65.5272
20001094,"[66.8811, 79.4907]",66.8811,79.4907
20001123,"[66.8811, 79.4907]",66.8811,79.4907
20001178,"[67.4667, 78.7]",67.4667,78.7
20001179,"[44.7177305, 40.860829659952586]",44.7177305,40.860829659952586
20001198,"[50.6617991, 136.8588567]",50.6617991,136.8588567
20001223,"[61.2412, 77.4858]",61.2412,77.4858
20001293,"[56.7658, 105.6483]",56.7658,105.6483
20001354,"[59.9321, 30.1968]",59.9321,30.1968
20001356,"[50.21423125, 136.90624000856457]",50.21423125,136.90624000856457
20001372,"[62.5206, 65.5964]",62.5206,65.5964
20001373,"[62.5206, 65.5964]",62.5206,65.5964
20001383,"[56.7658, 105.6483]",56.7658,105.6483
20001384,"[51.449, 57.0908]",51.449,57.0908
20001394,"[56.7658, 105.6483]",56.7658,105.6483
20001433,"[61.0042, 69.0019]",61.0042,69.0019
20001434,"[66.8811, 79.4907]",66.8811,79.4907
20001459,"[54.3408, 73.2098]",54.3408,73.2098
20001484,"[62.5206, 65.5964]",62.5206,65.5964
20001561,"[53.82835925, 39.568863107844365]",53.82835925,39.568863107844365
20001568,"[53.53, 59.5767]",53.53,59.5767
20001618,"[66.53, 66.6019]",66.53,66.6019
20001623,"[69.56905979999999, 88.31246256290044]",69.56905979999999,88.31246256290044
20001629,"[55.35, 78.35]",55.35,78.35
20001634,"[55.35, 78.35]",55.35,78.35
20001639,"[55.35, 78.35]",55.35,78.35
20001659,"[56.399, 92.4783]",56.399,92.4783
20001990,"[67.4667, 78.7]",67.4667,78.7
20002242,"[66.0833, 76.6333]",66.0833,76.6333
20002274,"[62.5234006, 65.8657255]",62.5234006,65.8657255
20002373,"[66.0833, 76.6333]",66.0833,76.6333
20002394,"[65.50862699999999, 41.439454024792475]",65.50862699999999,41.439454024792475
20002493,"[57.1522, 65.5272]",57.1522,65.5272
20002448,"[51.449, 57.0908]",51.449,57.0908
20002530,"[60.7283, 77.5928]",60.7283,77.5928
20002615,"[61.05, 76.1]",61.05,76.1
20002634,"[66.6674278, 66.3806982]",66.6674278,66.3806982
20001543,"[53.82835925, 39.568863107844365]",53.82835925,39.568863107844365
20002884,"[66.6572, 66.4183]",66.6572,66.4183
20002294,"[53.9210903, 27.5718095]",53.9210903,27.5718095
20001817,"[56.7658, 105.6483]",56.7658,105.6483
20002463,"[56.5, 84.9667]",56.5,84.9667
20000041,"[49.54352, 25.5931611]",49.54352,25.5931611
20000047,"[64.49555484999999, 39.636938912315244]",64.49555484999999,39.636938912315244
20000053,"[63.1667, 75.6167]",63.1667,75.6167
20000060,"[61.2871222, 73.2959139]",61.2871222,73.2959139
20000061,"[63.1667, 75.6167]",63.1667,75.6167
20000062,"[63.1667, 75.6167]",63.1667,75.6167
20000063,"[63.1667, 75.6167]",63.1667,75.6167
20000067,"[54.113471, 61.5867777]",54.113471,61.5867777
20000068,"[54.9467187, 73.38955118186387]",54.9467187,73.38955118186387
20000069,"[56.550489, 84.0767322]",56.550489,84.0767322
20000070,"[56.50768195, 85.02149866288048]",56.50768195,85.02149866288048
20000071,"[55.1284, 73.0947]",55.1284,73.0947
20000077,"[48.9098125, 2.4528634784461856]",48.9098125,2.4528634784461856
20000082,"[55.3333, 86.0833]",55.3333,86.0833
20000083,"[55.3178, 85.9489]",55.3178,85.9489
20000085,"[63.12280945, 75.36793856320467]",63.12280945,75.36793856320467
20000086,"[63.12280945, 75.36793856320467]",63.12280945,75.36793856320467
20000092,"[63.12280945, 75.36793856320467]",63.12280945,75.36793856320467
20000093,"[63.12280945, 75.36793856320467]",63.12280945,75.36793856320467
20000095,"[61.2408699, 73.4673264]",61.2408699,73.4673264
20000096,"[43.3620656, 132.8319624]",43.3620656,132.8319624
20000097,"[55.752, 37.615]",55.752,37.615
20000098,"[54.9467187, 73.38955118186387]",54.9467187,73.38955118186387
20000107,"[63.12280945, 75.36793856320467]",63.12280945,75.36793856320467
20000108,"[55.0034314, 61.4452026]",55.0034314,61.4452026
20000115,"[58.2135077, 68.2920463]",58.2135077,68.2920463
20000116,"[56.50768195, 85.02149866288048]",56.50768195,85.02149866288048
20000119,"[49.60140334285714, 6.096276242857143]",49.60140334285714,6.096276242857143
20000120,"[56.550489, 84.0767322]",56.550489,84.0767322
20000121,"[59.5497806, 70.0022944]",59.5497806,70.0022944
20000122,"[56.550489, 84.0767322]",56.550489,84.0767322
20000127,"[63.1667, 75.6167]",63.1667,75.6167
20000132,"[55.752, 37.615]",55.752,37.615
20000137,"[56.5, 84.9667]",56.5,84.9667
20000138,"[56.550489, 84.0767322]",56.550489,84.0767322
20000142,"[36.5374705, 2.8206529]",36.5374705,2.8206529
20000143,"[48.778029399999994, 132.9324084472222]",48.778029399999994,132.9324084472222
20000144,"[55.4353, 78.2667]",55.4353,78.2667
20000146,"[31.7780168, 35.23529625421368]",31.7780168,35.23529625421368
20000148,"[56.7442039, 43.5821004]",56.7442039,43.5821004
20000149,"[56.7442039, 43.5821004]",56.7442039,43.5821004
20000158,"[40.2341346, 45.95346223455566]",40.2341346,45.95346223455566
20000159,"[40.2341346, 45.95346223455566]",40.2341346,45.95346223455566
20000160,"[40.2341346, 45.95346223455566]",40.2341346,45.95346223455566
20000161,"[40.2341346, 45.95346223455566]",40.2341346,45.95346223455566
20000162,"[58.0683073, 78.664577]",58.0683073,78.664577
20000163,"[40.2341346, 45.95346223455566]",40.2341346,45.95346223455566
20000164,"[52.5905518, 43.9349487]",52.5905518,43.9349487
20000165,"[65.9297, 66.124]",65.9297,66.124
20000166,"[65.9297, 66.124]",65.9297,66.124
20000167,"[57.8016516, 38.44078838600855]",57.8016516,38.44078838600855
20000172,"[47.17087396666667, 6.879743075]",47.17087396666667,6.879743075
20000173,"[63.12280945, 75.36793856320467]",63.12280945,75.36793856320467
20000174,"[63.12280945, 75.36793856320467]",63.12280945,75.36793856320467
20000175,"[63.12280945, 75.36793856320467]",63.12280945,75.36793856320467
20000176,"[63.12280945, 75.36793856320467]",63.12280945,75.36793856320467
20000197,"[63.12280945, 75.36793856320467]",63.12280945,75.36793856320467
20000198,"[54.3408, 73.2098]",54.3408,73.2098
20000212,"[63.12280945, 75.36793856320467]",63.12280945,75.36793856320467
20000213,"[63.12280945, 75.36793856320467]",63.12280945,75.36793856320467
20000214,"[63.12280945, 75.36793856320467]",63.12280945,75.36793856320467
20000215,"[63.12280945, 75.36793856320467]",63.12280945,75.36793856320467
20000216,"[65.9297, 66.124]",65.9297,66.124
20000217,"[65.9297, 66.124]",65.9297,66.124
20000224,"[63.12280945, 75.36793856320467]",63.12280945,75.36793856320467
20000225,"[63.12280945, 75.36793856320467]",63.12280945,75.36793856320467
20000226,"[63.12280945, 75.36793856320467]",63.12280945,75.36793856320467
20000227,"[63.12280945, 75.36793856320467]",63.12280945,75.36793856320467
20000228,"[65.9297, 66.124]",65.9297,66.124
20000230,"[60.9339411, 76.5814274]",60.9339411,76.5814274
20000232,"[54.3408, 73.2098]",54.3408,73.2098
20000237,"[56.3287, 44.002]",56.3287,44.002
20000238,"[56.550489, 84.0767322]",56.550489,84.0767322
20000239,"[59.8944, 30.2642]",59.8944,30.2642
20000240,"[54.3408, 73.2098]",54.3408,73.2098
20000247,"[59.95, 30.38]",59.95,30.38
20000248,"[59.8944, 30.2642]",59.8944,30.2642
20000268,"[55.00907075000001, 73.29768400924007]",55.00907075000001,73.29768400924007
20000269,"[59.9321, 30.1968]",59.9321,30.1968
20000270,"[54.0872903, 61.5468854]",54.0872903,61.5468854
20000272,"[60.02262305, 30.264307885641852]",60.02262305,30.264307885641852
20000278,"[55.3353049, 61.3115019]",55.3353049,61.3115019
20000280,"[55.1544, 61.4297]",55.1544,61.4297
20000281,"[55.0411, 82.9344]",55.0411,82.9344
20000282,"[55.7522, 37.6156]",55.7522,37.6156
20000284,"[57.8016516, 38.44078838600855]",57.8016516,38.44078838600855
20000287,"[56.8575, 60.6125]",56.8575,60.6125
20000288,"[58.5811, 50.5389]",58.5811,50.5389
20000289,"[54.3408, 73.2098]",54.3408,73.2098
20000290,"[48.27, 46.17]",48.27,46.17
20000291,"[51.8845, 41.7167]",51.8845,41.7167
20000292,"[54.6197, 39.74]",54.6197,39.74
20000293,"[56.8575, 60.6125]",56.8575,60.6125
20000294,"[54.6197, 39.74]",54.6197,39.74
20000295,"[54.6197, 39.74]",54.6197,39.74
20000296,"[56.1667, 39.0833]",56.1667,39.0833
20000297,"[52.6186, 39.5689]",52.6186,39.5689
20000298,"[58.1167, 28.4333]",58.1167,28.4333
20000299,"[47.2214, 38.9094]",47.2214,38.9094
20000300,"[52.8481, 42.4104]",52.8481,42.4104
20000301,"[54.837522, 20.9741724]",54.837522,20.9741724
20000302,"[54.9914, 82.7175]",54.9914,82.7175
20000303,"[60.1256, 29.8764]",60.1256,29.8764
20000309,"[59.8944, 30.2642]",59.8944,30.2642
20000310,"[60.1256, 29.8764]",60.1256,29.8764
20000311,"[64.4831222, 76.6980528]",64.4831222,76.6980528
20000312,"[60.9333, 76.5667]",60.9333,76.5667
20000313,"[57.1522, 65.5272]",57.1522,65.5272
20000315,"[55.3333, 86.0833]",55.3333,86.0833
20000316,"[57.1522, 65.5272]",57.1522,65.5272
20000322,"[54.41, 71.95]",54.41,71.95
20000323,"[63.12280945, 75.36793856320467]",63.12280945,75.36793856320467
20000324,"[63.12280945, 75.36793856320467]",63.12280945,75.36793856320467
20000326,"[59.8944, 30.2642]",59.8944,30.2642
20000328,"[61.8049094, 34.3378509]",61.8049094,34.3378509
20000330,"[56.2626223, 34.3681283]",56.2626223,34.3681283
20000331,"[50.86036045, 84.8692994190645]",50.86036045,84.8692994190645
20000333,"[61.1616591, 72.5332251]",61.1616591,72.5332251
20000335,"[46.7253609, 38.27421929120799]",46.7253609,38.27421929120799
20000336,"[53.36, 83.76]",53.36,83.76
20000337,"[55.8212715, 37.6478205]",55.8212715,37.6478205
20000338,"[58.5811, 50.5389]",58.5811,50.5389
20000339,"[63.1667, 75.6167]",63.1667,75.6167
20000341,"[55.05, 74.5667]",55.05,74.5667
20000342,"[54.5097, 83.3403]",54.5097,83.3403
20000346,"[55.1763, 83.6205]",55.1763,83.6205
20000348,"[54.2833, 85.9333]",54.2833,85.9333
20000349,"[55.3178, 85.9489]",55.3178,85.9489
20000350,"[56.1664, 91.3906]",56.1664,91.3906
20000352,"[53.75, 87.1]",53.75,87.1
20000353,"[56.6, 85.1167]",56.6,85.1167
20000355,"[48.778029399999994, 132.9324084472222]",48.778029399999994,132.9324084472222
20000356,"[48.778029399999994, 132.9324084472222]",48.778029399999994,132.9324084472222
20000359,"[63.1667, 75.6167]",63.1667,75.6167
20000360,"[58.83, 67.3]",58.83,67.3
20000361,"[57.1522, 65.5272]",57.1522,65.5272
20000362,"[54.3408, 73.2098]",54.3408,73.2098
20000363,"[56.15, 69.45]",56.15,69.45
20000365,"[59.9321, 30.1968]",59.9321,30.1968
20000369,"[56.6937, 61.2826]",56.6937,61.2826
20000373,"[56.6047, 57.7558]",56.6047,57.7558
20000374,"[57.25, 60.0833]",57.25,60.0833
20000376,"[56.8825218, 60.8282629]",56.8825218,60.8282629
20000377,"[57.0614, 63.7453]",57.0614,63.7453
20000379,"[55.0878, 61.3378]",55.0878,61.3378
20000381,"[54.5358, 36.2706]",54.5358,36.2706
20000382,"[57.3381, 47.875]",57.3381,47.875
20000388,"[63.1667, 75.6167]",63.1667,75.6167
20000389,"[69.56905979999999, 88.31246256290044]",69.56905979999999,88.31246256290044
20000390,"[61.1616591, 72.5332251]",61.1616591,72.5332251
20000392,"[58.2918806, 68.3249]",58.2918806,68.3249
20000393,"[61.0034448, 69.0190006]",61.0034448,69.0190006
20000394,"[63.1667, 75.6167]",63.1667,75.6167
20000395,"[54.3408, 73.2098]",54.3408,73.2098
20000396,"[51.61, 55.31]",51.61,55.31
20000398,"[63.12280945, 75.36793856320467]",63.12280945,75.36793856320467
20000399,"[63.12280945, 75.36793856320467]",63.12280945,75.36793856320467
20000400,"[55.4199535, 37.5326931]",55.4199535,37.5326931
20000401,"[65.9297, 66.124]",65.9297,66.124
20000415,"[68.970665, 33.07497]",68.970665,33.07497
20000417,"[63.12280945, 75.36793856320467]",63.12280945,75.36793856320467
20000418,"[63.12280945, 75.36793856320467]",63.12280945,75.36793856320467
20000419,"[63.1667, 75.6167]",63.1667,75.6167
20000420,"[63.1667, 75.6167]",63.1667,75.6167
20000423,"[63.12280945, 75.36793856320467]",63.12280945,75.36793856320467
20000427,"[51.449, 57.0908]",51.449,57.0908
20000428,"[56.50768195, 85.02149866288048]",56.50768195,85.02149866288048
20000433,"[43.3620656, 132.8319624]",43.3620656,132.8319624
20000434,"[51.7847, 55.0986]",51.7847,55.0986
20000437,"[64.45944435, 76.42246673297811]",64.45944435,76.42246673297811
20000438,"[43.3620656, 132.8319624]",43.3620656,132.8319624
20000442,"[52.3445327, 84.4583842]",52.3445327,84.4583842
20000443,"[64.45944435, 76.42246673297811]",64.45944435,76.42246673297811
20000444,"[63.1667, 75.6167]",63.1667,75.6167
20000445,"[65.9297, 66.124]",65.9297,66.124
20000449,"[51.449, 57.0908]",51.449,57.0908
20000452,"[56.8139589, 60.5358161]",56.8139589,60.5358161
20000453,"[59.9330358, 30.2969934]",59.9330358,30.2969934
20000455,"[66.69915915, 66.19413911300725]",66.69915915,66.19413911300725
20000456,"[61.2871222, 73.2959139]",61.2871222,73.2959139
20000460,"[63.1667, 75.6167]",63.1667,75.6167
20000463,"[59.95, 30.38]",59.95,30.38
20000467,"[64.4791205, 76.7005859]",64.4791205,76.7005859
20000468,"[66.69915915, 66.19413911300725]",66.69915915,66.19413911300725
20000472,"[63.1667, 75.6167]",63.1667,75.6167
20000473,"[54.3408, 73.2098]",54.3408,73.2098
20000478,"[61.0042, 69.0019]",61.0042,69.0019
20000479,"[63.79126425, 74.49600960164467]",63.79126425,74.49600960164467
20000480,"[55.0411, 82.9344]",55.0411,82.9344
20000483,"[55.752, 37.615]",55.752,37.615
20000484,"[56.8207, 64.7718]",56.8207,64.7718
20000485,"[59.9321, 30.1968]",59.9321,30.1968
20000486,"[43.0897868, 44.7415439]",43.0897868,44.7415439
20000487,"[68.9717, 33.0819]",68.9717,33.0819
20000494,"[61.2412, 77.4858]",61.2412,77.4858
20000500,"[69.56905979999999, 88.31246256290044]",69.56905979999999,88.31246256290044
20000503,"[55.9606, 38.0456]",55.9606,38.0456
20000504,"[58.5811, 50.5389]",58.5811,50.5389
20000508,"[59.8085944, 30.5771454]",59.8085944,30.5771454
20000509,"[59.8572542, 30.3217134]",59.8572542,30.3217134
20000518,"[59.8944, 30.2642]",59.8944,30.2642
20000523,"[60.7499, 72.8582]",60.7499,72.8582
20000524,"[55.752, 37.615]",55.752,37.615
20000530,"[51.61, 55.31]",51.61,55.31
20000535,"[56.550489, 84.0767322]",56.550489,84.0767322
20000536,"[57.193902550000004, 65.49160176493227]",57.193902550000004,65.49160176493227
20000538,"[68.9717, 33.0819]",68.9717,33.0819
20000543,"[63.12280945, 75.36793856320467]",63.12280945,75.36793856320467
20000544,"[55.752, 37.615]",55.752,37.615
20000545,"[58.5811, 50.5389]",58.5811,50.5389
20000546,"[59.9321, 30.1968]",59.9321,30.1968
20000547,"[49.8944, 40.2575]",49.8944,40.2575
20000548,"[65.5369605, 72.52923021448598]",65.5369605,72.52923021448598
20000553,"[65.9175552, 78.1970554]",65.9175552,78.1970554
20000558,"[55.4199535, 37.5326931]",55.4199535,37.5326931
20000563,"[65.9175552, 78.1970554]",65.9175552,78.1970554
20000573,"[57.1522, 65.5272]",57.1522,65.5272
20000578,"[57.1522, 65.5272]",57.1522,65.5272
20000579,"[56.8263, 60.5388]",56.8263,60.5388
20000580,"[55.1544, 61.4297]",55.1544,61.4297
20000593,"[52.0296, 59.2254]",52.0296,59.2254
20000594,"[52.5833, 111.8333]",52.5833,111.8333
20000595,"[52.02414195, 113.52653930519267]",52.02414195,113.52653930519267
20000596,"[44.9297, 38.0408]",44.9297,38.0408
20000597,"[56.8619, 35.8931]",56.8619,35.8931
20000598,"[51.4057, 128.1216]",51.4057,128.1216
20000599,"[50.6254, 137.3994]",50.6254,137.3994
20000600,"[45.2114157, 36.7168111]",45.2114157,36.7168111
20000601,"[55.9217, 37.9914]",55.9217,37.9914
20000602,"[55.1544, 61.4297]",55.1544,61.4297
20000603,"[51.5, 46.1167]",51.5,46.1167
20000604,"[54.3333, 48.4]",54.3333,48.4
20000605,"[51.449, 57.0908]",51.449,57.0908
20000606,"[53.0283, 32.1919]",53.0283,32.1919
20000607,"[56.3722, 90.3893]",56.3722,90.3893
20000608,"[55.3333, 86.0833]",55.3333,86.0833
20000609,"[55.1284, 73.0947]",55.1284,73.0947
20000610,"[59.7513, 30.4766]",59.7513,30.4766
20000611,"[56.5, 84.9667]",56.5,84.9667
20000612,"[55.9558, 37.2972]",55.9558,37.2972
20000613,"[51.3686, 42.0906]",51.3686,42.0906
20000614,"[50.87001315, 39.07495156666667]",50.87001315,39.07495156666667
20000615,"[56.1667, 39.0833]",56.1667,39.0833
20000616,"[52.8481, 42.4104]",52.8481,42.4104
20000618,"[55.3333, 86.0833]",55.3333,86.0833
20000619,"[56.399, 92.4783]",56.399,92.4783
20000620,"[54.3408, 73.2098]",54.3408,73.2098
20000621,"[55.0411, 82.9344]",55.0411,82.9344
20000623,"[58.5446, 68.4194]",58.5446,68.4194
20000628,"[54.9674103, 82.82339213358264]",54.9674103,82.82339213358264
20000633,"[55.4199535, 37.5326931]",55.4199535,37.5326931
20000638,"[55.8036, 38.185]",55.8036,38.185
20000649,"[52.4333, 53.1667]",52.4333,53.1667
20000650,"[52.7833, 52.25]",52.7833,52.25
20000653,"[67.4667, 78.7]",67.4667,78.7
20000658,"[51.449, 57.0908]",51.449,57.0908
20000663,"[67.4667, 78.7]",67.4667,78.7
20000664,"[57.1, 65.76]",57.1,65.76
20000665,"[57.1, 65.76]",57.1,65.76
20000668,"[59.9321, 30.1968]",59.9321,30.1968
20000673,"[59.9321, 30.1968]",59.9321,30.1968
20000674,"[66.6615094, 66.3810869]",66.6615094,66.3810869
20000675,"[65.5369605, 72.52923021448598]",65.5369605,72.52923021448598
20000688,"[55.7522, 37.6156]",55.7522,37.6156
20000689,"[63.1667, 75.6167]",63.1667,75.6167
20000693,"[68.9717, 33.0819]",68.9717,33.0819
20000698,"[69.0573526, 81.68996804019875]",69.0573526,81.68996804019875
20000699,"[40.2341346, 45.95346223455566]",40.2341346,45.95346223455566
20000700,"[40.2341346, 45.95346223455566]",40.2341346,45.95346223455566
20000701,"[50.81304815, 45.21131035000005]",50.81304815,45.21131035000005
20000702,"[69.0573526, 81.68996804019875]",69.0573526,81.68996804019875
20000703,"[40.2341346, 45.95346223455566]",40.2341346,45.95346223455566
20000704,"[56.635, 60.5817]",56.635,60.5817
20000708,"[65.5369605, 72.52923021448598]",65.5369605,72.52923021448598
20000709,"[63.1667, 75.6167]",63.1667,75.6167
20000710,"[65.9297, 66.124]",65.9297,66.124
20000713,"[59.9321, 30.1968]",59.9321,30.1968
20000714,"[56.8575, 60.6125]",56.8575,60.6125
20000715,"[57.1522, 65.5272]",57.1522,65.5272
20000716,"[60.9881, 71.9931]",60.9881,71.9931
20000717,"[55.1544, 61.4297]",55.1544,61.4297
20000718,"[55.3333, 86.0833]",55.3333,86.0833
20000719,"[54.3112, 73.8572]",54.3112,73.8572
20000720,"[58.1708, 109.0781]",58.1708,109.0781
20000721,"[55.0411, 82.9344]",55.0411,82.9344
20000722,"[59.9321, 30.1968]",59.9321,30.1968
20000723,"[59.9321, 30.1968]",59.9321,30.1968
20000735,"[66.6615094, 66.3810869]",66.6615094,66.3810869
20000736,"[55.99825445, 44.30370798160905]",55.99825445,44.30370798160905
20000737,"[52.3667, 54.0833]",52.3667,54.0833
20000738,"[52.1691, 52.6389]",52.1691,52.6389
20000739,"[52.4333, 53.7]",52.4333,53.7
20000740,"[53.5064, 56.8085]",53.5064,56.8085
20000743,"[49.8944, 40.2575]",49.8944,40.2575
20000748,"[65.5369605, 72.52923021448598]",65.5369605,72.52923021448598
20000749,"[59.8944, 30.2642]",59.8944,30.2642
20000752,"[51.61, 55.31]",51.61,55.31
20000754,"[44.5828974, 38.2788325]",44.5828974,38.2788325
20000758,"[52.3667, 54.0833]",52.3667,54.0833
20000759,"[52.3667, 54.0833]",52.3667,54.0833
20000760,"[52.3667, 54.0833]",52.3667,54.0833
20000761,"[53.5064, 56.8085]",53.5064,56.8085
20000764,"[55.65, 66.25]",55.65,66.25
20000765,"[45.0757, 38.6718]",45.0757,38.6718
20000766,"[59.9321, 30.1968]",59.9321,30.1968
20000767,"[59.885, 29.8958]",59.885,29.8958
20000773,"[55.752, 37.615]",55.752,37.615
20000774,"[54.3408, 73.2098]",54.3408,73.2098
20000775,"[59.7513, 30.4766]",59.7513,30.4766
20000778,"[58.1167, 28.4333]",58.1167,28.4333
20000779,"[55.752, 37.615]",55.752,37.615
20000780,"[55.0794, 38.7783]",55.0794,38.7783
20000781,"[54.5358, 36.2706]",54.5358,36.2706
20000782,"[56.8619, 35.8931]",56.8619,35.8931
20000783,"[46.6819, 39.2004]",46.6819,39.2004
20000784,"[58.5811, 50.5389]",58.5811,50.5389
20000785,"[53.0167, 158.65]",53.0167,158.65
20000786,"[56.5053, 42.2187]",56.5053,42.2187
20000787,"[55.1544, 61.4297]",55.1544,61.4297
20000788,"[53.4186, 59.0472]",53.4186,59.0472
20000789,"[56.8263, 60.5388]",56.8263,60.5388
20000790,"[56.8263, 60.5388]",56.8263,60.5388
20000791,"[56.8263, 60.5388]",56.8263,60.5388
20000792,"[57.9194, 59.965]",57.9194,59.965
20000793,"[56.7803, 62.0494]",56.7803,62.0494
20000794,"[59.3917, 61.5617]",59.3917,61.5617
20000795,"[56.8207, 64.7718]",56.8207,64.7718
20000796,"[64.8477, 77.4524]",64.8477,77.4524
20000797,"[56.6667, 66.3]",56.6667,66.3
20000798,"[56.15, 69.45]",56.15,69.45
20000799,"[58.2, 68.2667]",58.2,68.2667
20000800,"[60.9881, 71.9931]",60.9881,71.9931
20000801,"[61.2412, 77.4858]",61.2412,77.4858
20000802,"[55.45, 65.3333]",55.45,65.3333
20000803,"[54.3408, 73.2098]",54.3408,73.2098
20000804,"[55.0411, 82.9344]",55.0411,82.9344
20000805,"[53.36, 83.76]",53.36,83.76
20000806,"[55.35, 78.35]",55.35,78.35
20000807,"[55.3333, 86.0833]",55.3333,86.0833
20000808,"[55.3333, 86.0833]",55.3333,86.0833
20000809,"[53.75, 87.1]",53.75,87.1
20000810,"[53.8833, 86.75]",53.8833,86.75
20000811,"[53.8833, 86.75]",53.8833,86.75
20000812,"[56.5, 84.9667]",56.5,84.9667
20000813,"[52.2978, 104.2964]",52.2978,104.2964
20000814,"[58.1708, 109.0781]",58.1708,109.0781
20000818,"[55.7522, 37.6156]",55.7522,37.6156
20000819,"[59.9321, 30.1968]",59.9321,30.1968
20000820,"[54.3408, 73.2098]",54.3408,73.2098
20000821,"[56.4464, 58.9183]",56.4464,58.9183
20000824,"[50.81304815, 45.21131035000005]",50.81304815,45.21131035000005
20000825,"[59.8944, 30.2642]",59.8944,30.2642
20000826,"[59.9321, 30.1968]",59.9321,30.1968
20000828,"[58.5811, 50.5389]",58.5811,50.5389
20000833,"[57.1, 65.76]",57.1,65.76
20000843,"[63.1667, 75.6167]",63.1667,75.6167
20000848,"[55.1598408, 61.4025547]",55.1598408,61.4025547
20000849,"[59.8944, 30.2642]",59.8944,30.2642
20000850,"[57.1522, 65.5272]",57.1522,65.5272
20000851,"[55.752, 37.615]",55.752,37.615
20000853,"[55.4199535, 37.5326931]",55.4199535,37.5326931
20000854,"[57.1, 65.76]",57.1,65.76
20000855,"[58.5811, 50.5389]",58.5811,50.5389
20000856,"[56.8263, 60.5388]",56.8263,60.5388
20000858,"[56.5, 84.9667]",56.5,84.9667
20000859,"[56.5, 84.9667]",56.5,84.9667
20000860,"[51.9437, 42.5303]",51.9437,42.5303
20000861,"[63.1667, 75.6167]",63.1667,75.6167
20000862,"[54.3408, 73.2098]",54.3408,73.2098
20000863,"[51.7057, 54.7972]",51.7057,54.7972
20000864,"[63.79126425, 74.49600960164467]",63.79126425,74.49600960164467
20000865,"[61.0042, 69.0019]",61.0042,69.0019
20000866,"[55.0411, 82.9344]",55.0411,82.9344
20000867,"[55.3333, 86.0833]",55.3333,86.0833
20000868,"[57.1522, 65.5272]",57.1522,65.5272
20000874,"[65.5369605, 72.52923021448598]",65.5369605,72.52923021448598
20000875,"[55.7522, 37.6156]",55.7522,37.6156
20000878,"[33.2627128, -7.9639028]",33.2627128,-7.9639028
20000883,"[49.8944, 40.2575]",49.8944,40.2575
20000888,"[55.752, 37.615]",55.752,37.615
20000889,"[56.3287, 44.002]",56.3287,44.002
20000890,"[54.3408, 73.2098]",54.3408,73.2098
20000891,"[57.1522, 65.5272]",57.1522,65.5272
20000892,"[53.36, 83.76]",53.36,83.76
20000893,"[49.8944, 40.2575]",49.8944,40.2575
20000894,"[63.68070375, 66.73649403313763]",63.68070375,66.73649403313763
20000898,"[65.9297, 66.124]",65.9297,66.124
20000903,"[65.9297, 66.124]",65.9297,66.124
20000905,"[65.9175552, 78.1970554]",65.9175552,78.1970554
20000906,"[66.8811, 79.4907]",66.8811,79.4907
20000907,"[60.755116, 72.839981]",60.755116,72.839981
20000908,"[59.8944, 30.2642]",59.8944,30.2642
20000913,"[50.9535611, 46.9782222]",50.9535611,46.9782222
20000914,"[62.3943529, 43.8710054]",62.3943529,43.8710054
20000932,"[55.1611757, 61.400622]",55.1611757,61.400622
20000933,"[55.7522, 37.6156]",55.7522,37.6156
20000934,"[56.3333, 36.7333]",56.3333,36.7333
20000935,"[54.6197, 39.74]",54.6197,39.74
20000936,"[67.9697444, 79.5398447]",67.9697444,79.5398447
20000937,"[60.0247, 108.0878]",60.0247,108.0878
20000938,"[46.5052397, -1.1811614]",46.5052397,-1.1811614
20000939,"[56.399, 92.4783]",56.399,92.4783
20000940,"[55.3333, 86.0833]",55.3333,86.0833
20000941,"[55.752, 37.615]",55.752,37.615
20000943,"[52.4245705, 104.03323500107456]",52.4245705,104.03323500107456
20000948,"[55.4199535, 37.5326931]",55.4199535,37.5326931
20000953,"[56.49992345, 39.68606402948518]",56.49992345,39.68606402948518
20000955,"[52.4245705, 104.03323500107456]",52.4245705,104.03323500107456
20000956,"[65.9175552, 78.1970554]",65.9175552,78.1970554
20000957,"[68.5999448, 58.03280180358918]",68.5999448,58.03280180358918
20000959,"[59.09524365, 78.68192714250458]",59.09524365,78.68192714250458
20000963,"[43.1270768, 44.7089744]",43.1270768,44.7089744
20000966,"[54.3408, 73.2098]",54.3408,73.2098
20000967,"[56.5, 84.9667]",56.5,84.9667
20000969,"[65.9175552, 78.1970554]",65.9175552,78.1970554
20000975,"[65.9175552, 78.1970554]",65.9175552,78.1970554
20000980,"[56.8263, 60.5388]",56.8263,60.5388
20000981,"[55.7522, 37.6156]",55.7522,37.6156
20000982,"[55.752, 37.615]",55.752,37.615
20000983,"[55.7503, 38.0042]",55.7503,38.0042
20000984,"[49.8944, 40.2575]",49.8944,40.2575
20000986,"[57.9194, 59.965]",57.9194,59.965
20000987,"[55.0411, 82.9344]",55.0411,82.9344
20000994,"[54.3408, 73.2098]",54.3408,73.2098
20000998,"[52.1089038, 80.6745386]",52.1089038,80.6745386
20001003,"[59.7588576, 71.7309781]",59.7588576,71.7309781
20001014,"[21.9582944, 76.1547506]",21.9582944,76.1547506
20001015,"[56.3287, 44.002]",56.3287,44.002
20001016,"[51.449, 57.0908]",51.449,57.0908
20001018,"[55.98, 37.4911]",55.98,37.4911
20001019,"[51.772152649999995, 87.60473784416027]",51.772152649999995,87.60473784416027
20001023,"[46.6364, 142.7794]",46.6364,142.7794
20001024,"[46.9522, 142.7406]",46.9522,142.7406
20001025,"[69.56905979999999, 88.31246256290044]",69.56905979999999,88.31246256290044
20001026,"[62.3943529, 43.8710054]",62.3943529,43.8710054
20001029,"[55.1544, 61.4297]",55.1544,61.4297
20001030,"[59.7513, 30.4766]",59.7513,30.4766
20001031,"[60.1256, 29.8764]",60.1256,29.8764
20001032,"[55.3353049, 61.3115019]",55.3353049,61.3115019
20001033,"[65.5277567, 72.5368799]",65.5277567,72.5368799
20001034,"[62.5444149, 65.6479234]",62.5444149,65.6479234
20001035,"[54.3408, 73.2098]",54.3408,73.2098
20001037,"[55.752, 37.615]",55.752,37.615
20001038,"[55.0344, 61.3792]",55.0344,61.3792
20001039,"[51.1133, 59.0831]",51.1133,59.0831
20001040,"[25.195348682352943, 86.98009136470588]",25.195348682352943,86.98009136470588
20001041,"[56.860786399999995, 60.52682850765105]",56.860786399999995,60.52682850765105
20001042,"[62.5444149, 65.6479234]",62.5444149,65.6479234
20001043,"[54.15, 41.2333]",54.15,41.2333
20001044,"[52.5833, 111.8333]",52.5833,111.8333
20001047,"[25.195348682352943, 86.98009136470588]",25.195348682352943,86.98009136470588
20001049,"[54.3408, 73.2098]",54.3408,73.2098
20001050,"[58.2918806, 68.3249]",58.2918806,68.3249
20001053,"[60.1256, 29.8764]",60.1256,29.8764
20001054,"[60.9333, 76.5667]",60.9333,76.5667
20001055,"[51.9437, 42.5303]",51.9437,42.5303
20001056,"[51.9437, 42.5303]",51.9437,42.5303
20001058,"[59.7513, 30.4766]",59.7513,30.4766
20001060,"[51.449, 57.0908]",51.449,57.0908
20001063,"[59.7513, 30.4766]",59.7513,30.4766
20001064,"[60.1256, 29.8764]",60.1256,29.8764
20001065,"[61.05, 76.1]",61.05,76.1
20001066,"[55.752, 37.615]",55.752,37.615
20001067,"[64.8477, 77.4524]",64.8477,77.4524
20001068,"[68.8791143, 32.9829507]",68.8791143,32.9829507
20001069,"[68.7043375, 30.284228]",68.7043375,30.284228
20001070,"[59.8260907, 110.8921657]",59.8260907,110.8921657
20001071,"[52.4245705, 104.03323500107456]",52.4245705,104.03323500107456
20001072,"[52.4245705, 104.03323500107456]",52.4245705,104.03323500107456
20001073,"[52.4245705, 104.03323500107456]",52.4245705,104.03323500107456
20001074,"[52.4245705, 104.03323500107456]",52.4245705,104.03323500107456
20001075,"[52.4245705, 104.03323500107456]",52.4245705,104.03323500107456
20001076,"[44.5828974, 38.2788325]",44.5828974,38.2788325
20001077,"[69.61667015, 81.83318471685809]",69.61667015,81.83318471685809
20001078,"[55.7522, 37.6156]",55.7522,37.6156
20001079,"[54.3408, 73.2098]",54.3408,73.2098
20001084,"[56.8263, 60.5388]",56.8263,60.5388
20001088,"[62.2355908, 78.26561301867105]",62.2355908,78.26561301867105
20001089,"[57.0221632, 120.7366132244305]",57.0221632,120.7366132244305
20001090,"[54.3502338, 21.7947722]",54.3502338,21.7947722
20001091,"[55.46183, 89.131393]",55.46183,89.131393
20001092,"[64.12083515, 75.42857321462492]",64.12083515,75.42857321462492
20001093,"[62.2355908, 78.26561301867105]",62.2355908,78.26561301867105
20001098,"[62.2355908, 78.26561301867105]",62.2355908,78.26561301867105
20001099,"[61.343260349999994, 112.803010475]",61.343260349999994,112.803010475
20001100,"[52.4667204, 49.3396861]",52.4667204,49.3396861
20001101,"[52.4667204, 49.3396861]",52.4667204,49.3396861
20001102,"[57.3381, 47.875]",57.3381,47.875
20001103,"[40.2341346, 45.95346223455566]",40.2341346,45.95346223455566
20001108,"[55.7522, 37.6156]",55.7522,37.6156
20001113,"[59.8283001, 70.9924373]",59.8283001,70.9924373
20001114,"[59.8283001, 70.9924373]",59.8283001,70.9924373
20001115,"[65.9297, 66.124]",65.9297,66.124
20001116,"[43.3620656, 132.8319624]",43.3620656,132.8319624
20001117,"[56.132591399999995, 38.43552736326269]",56.132591399999995,38.43552736326269
20001118,"[55.0411, 82.9344]",55.0411,82.9344
20001121,"[59.9321, 30.1968]",59.9321,30.1968
20001124,"[61.8049094, 34.3378509]",61.8049094,34.3378509
20001128,"[55.970187, 37.911842]",55.970187,37.911842
20001129,"[44.5828974, 38.2788325]",44.5828974,38.2788325
20001130,"[52.08801975, 51.55265019805225]",52.08801975,51.55265019805225
20001131,"[57.8016516, 38.44078838600855]",57.8016516,38.44078838600855
20001132,"[56.14742125, 40.45421755780475]",56.14742125,40.45421755780475
20001133,"[60.02262305, 30.264307885641852]",60.02262305,30.264307885641852
20001134,"[73.54496295000001, 142.05157831658676]",73.54496295000001,142.05157831658676
20001135,"[43.3620656, 132.8319624]",43.3620656,132.8319624
20001136,"[43.3620656, 132.8319624]",43.3620656,132.8319624
20001137,"[43.3620656, 132.8319624]",43.3620656,132.8319624
20001138,"[55.0938743, 38.7670121]",55.0938743,38.7670121
20001139,"[55.9159529, 37.8099819]",55.9159529,37.8099819
20001140,"[55.80722865, 37.49830790312943]",55.80722865,37.49830790312943
20001141,"[54.536984450000006, 36.284765015060536]",54.536984450000006,36.284765015060536
20001142,"[53.325407, 50.3084189]",53.325407,50.3084189
20001143,"[56.0353443, 35.9567781]",56.0353443,35.9567781
20001144,"[55.506478, 36.0213092]",55.506478,36.0213092
20001145,"[56.3546364, 37.5219743]",56.3546364,37.5219743
20001146,"[48.778029399999994, 132.9324084472222]",48.778029399999994,132.9324084472222
20001147,"[55.1576953, 82.9632879]",55.1576953,82.9632879
20001148,"[53.96434575000001, 40.69339671940287]",53.96434575000001,40.69339671940287
20001149,"[58.540737, 49.4901215]",58.540737,49.4901215
20001150,"[58.540737, 49.4901215]",58.540737,49.4901215
20001151,"[53.325407, 50.3084189]",53.325407,50.3084189
20001152,"[56.66196465, 36.924186665327866]",56.66196465,36.924186665327866
20001153,"[56.8825218, 60.8282629]",56.8825218,60.8282629
20001154,"[56.8825218, 60.8282629]",56.8825218,60.8282629
20001155,"[56.8825218, 60.8282629]",56.8825218,60.8282629
20001156,"[58.9197816, 61.8421963]",58.9197816,61.8421963
20001157,"[57.345446, 60.0094762]",57.345446,60.0094762
20001158,"[57.416515, 38.183498]",57.416515,38.183498
20001159,"[54.0758953, 61.5385287]",54.0758953,61.5385287
20001160,"[56.8825218, 60.8282629]",56.8825218,60.8282629
20001161,"[56.8825218, 60.8282629]",56.8825218,60.8282629
20001162,"[56.8825218, 60.8282629]",56.8825218,60.8282629
20001163,"[56.8825218, 60.8282629]",56.8825218,60.8282629
20001164,"[56.8825218, 60.8282629]",56.8825218,60.8282629
20001168,"[53.3267225, 50.3051858]",53.3267225,50.3051858
20001169,"[53.3267225, 50.3051858]",53.3267225,50.3051858
20001173,"[52.9712887, 49.7020769]",52.9712887,49.7020769
20001174,"[52.9712887, 49.7020769]",52.9712887,49.7020769
20001175,"[56.66196465, 36.924186665327866]",56.66196465,36.924186665327866
20001180,"[55.99825445, 44.30370798160905]",55.99825445,44.30370798160905
20001183,"[59.9321, 30.1968]",59.9321,30.1968
20001188,"[56.1210895, 38.1457655]",56.1210895,38.1457655
20001189,"[56.1210895, 38.1457655]",56.1210895,38.1457655
20001190,"[52.9712887, 49.7020769]",52.9712887,49.7020769
20001191,"[52.9712887, 49.7020769]",52.9712887,49.7020769
20001192,"[56.66196465, 36.924186665327866]",56.66196465,36.924186665327866
20001193,"[60.9333, 76.5667]",60.9333,76.5667
20001203,"[57.1, 65.76]",57.1,65.76
20001208,"[59.9321, 30.1968]",59.9321,30.1968
20001209,"[59.9321, 30.1968]",59.9321,30.1968
20001210,"[59.8944, 30.2642]",59.8944,30.2642
20001211,"[59.7513, 30.4766]",59.7513,30.4766
20001213,"[21.438740266666667, -98.87545795333332]",21.438740266666667,-98.87545795333332
20001218,"[53.82835925, 39.568863107844365]",53.82835925,39.568863107844365
20001219,"[63.79126425, 74.49600960164467]",63.79126425,74.49600960164467
20001220,"[52.3385, 47.2763]",52.3385,47.2763
20001221,"[52.4333, 53.1667]",52.4333,53.1667
20001224,"[50.79, 59.25]",50.79,59.25
20001225,"[65.9944237, 57.5570861]",65.9944237,57.5570861
20001228,"[56.7658, 105.6483]",56.7658,105.6483
20001229,"[56.3287, 44.002]",56.3287,44.002
20001233,"[60.1256, 29.8764]",60.1256,29.8764
20001238,"[53.4516277, 44.66246910024991]",53.4516277,44.66246910024991
20001243,"[44.8356623, -0.5672898]",44.8356623,-0.5672898
20001244,"[59.9321, 30.1968]",59.9321,30.1968
20001245,"[52.73407995, 52.44476803316911]",52.73407995,52.44476803316911
20001246,"[59.7702688, 30.7177363]",59.7702688,30.7177363
20001247,"[60.076893150000004, 30.260818030492622]",60.076893150000004,30.260818030492622
20001248,"[80.7984841, 51.258641]",80.7984841,51.258641
20001249,"[55.35, 78.35]",55.35,78.35
20001250,"[65.9175552, 78.1970554]",65.9175552,78.1970554
20001251,"[66.0833, 76.6333]",66.0833,76.6333
20001252,"[67.4667, 78.7]",67.4667,78.7
20001253,"[51.449, 57.0908]",51.449,57.0908
20001254,"[47.370534899999996, 39.46597632166487]",47.370534899999996,39.46597632166487
20001255,"[55.752, 37.615]",55.752,37.615
20001256,"[61.868949400000005, 70.79755837885943]",61.868949400000005,70.79755837885943
20001258,"[56.7658, 105.6483]",56.7658,105.6483
20001259,"[61.0042, 69.0019]",61.0042,69.0019
20001260,"[59.8092, 30.3817]",59.8092,30.3817
20001261,"[59.9312876, 30.3372411]",59.9312876,30.3372411
20001262,"[55.0411, 82.9344]",55.0411,82.9344
20001263,"[55.35, 78.35]",55.35,78.35
20001264,"[53.36, 83.76]",53.36,83.76
20001265,"[56.75, 61.38]",56.75,61.38
20001266,"[56.8263, 60.5388]",56.8263,60.5388
20001267,"[55.05, 74.5667]",55.05,74.5667
20001268,"[53.7333, 78.0333]",53.7333,78.0333
20001269,"[55.3333, 86.0833]",55.3333,86.0833
20001270,"[56.6047, 57.7558]",56.6047,57.7558
20001271,"[58.1708, 109.0781]",58.1708,109.0781
20001272,"[55.752, 37.615]",55.752,37.615
20001273,"[55.7522, 37.6156]",55.7522,37.6156
20001274,"[56.3287, 44.002]",56.3287,44.002
20001275,"[55.0411, 82.9344]",55.0411,82.9344
20001276,"[54.3408, 73.2098]",54.3408,73.2098
20001277,"[54.41, 71.95]",54.41,71.95
20001278,"[59.8092, 30.3817]",59.8092,30.3817
20001279,"[59.3917, 61.5617]",59.3917,61.5617
20001280,"[54.5097, 83.3403]",54.5097,83.3403
20001281,"[57.1522, 65.5272]",57.1522,65.5272
20001282,"[55.1544, 61.4297]",55.1544,61.4297
20001283,"[58.5811, 50.5389]",58.5811,50.5389
20001284,"[58.5811, 50.5389]",58.5811,50.5389
20001285,"[58.5811, 50.5389]",58.5811,50.5389
20001286,"[53.53, 59.5767]",53.53,59.5767
20001287,"[59.8944, 30.2642]",59.8944,30.2642
20001288,"[57.9750473, 33.2553308]",57.9750473,33.2553308
20001289,"[58.6517932, 27.468547000154416]",58.6517932,27.468547000154416
20001290,"[60.02262305, 30.264307885641852]",60.02262305,30.264307885641852
20001291,"[69.56905979999999, 88.31246256290044]",69.56905979999999,88.31246256290044
20001292,"[57.81667765, 28.28943905858094]",57.81667765,28.28943905858094
20001294,"[65.9175552, 78.1970554]",65.9175552,78.1970554
20001295,"[66.8811, 79.4907]",66.8811,79.4907
20001296,"[59.85272885, 30.182504448889866]",59.85272885,30.182504448889866
20001297,"[44.8356623, -0.5672898]",44.8356623,-0.5672898
20001298,"[21.438740266666667, -98.87545795333332]",21.438740266666667,-98.87545795333332
20001302,"[55.7522, 37.6156]",55.7522,37.6156
20001303,"[54.3408, 73.2098]",54.3408,73.2098
20001304,"[59.3361087, 31.2580958]",59.3361087,31.2580958
20001305,"[55.752, 37.615]",55.752,37.615
20001306,"[55.7522, 37.6156]",55.7522,37.6156
20001307,"[55.7522, 37.6156]",55.7522,37.6156
20001308,"[59.7513, 30.4766]",59.7513,30.4766
20001313,"[55.7522, 37.6156]",55.7522,37.6156
20001314,"[55.7522, 37.6156]",55.7522,37.6156
20001315,"[55.7522, 37.6156]",55.7522,37.6156
20001316,"[55.7522, 37.6156]",55.7522,37.6156
20001317,"[55.7522, 37.6156]",55.7522,37.6156
20001318,"[55.7522, 37.6156]",55.7522,37.6156
20001319,"[55.7522, 37.6156]",55.7522,37.6156
20001320,"[55.7522, 37.6156]",55.7522,37.6156
20001321,"[55.7522, 37.6156]",55.7522,37.6156
20001322,"[55.7522, 37.6156]",55.7522,37.6156
20001323,"[55.752, 37.615]",55.752,37.615
20001324,"[55.7522, 37.6156]",55.7522,37.6156
20001325,"[55.7522, 37.6156]",55.7522,37.6156
20001326,"[55.7522, 37.6156]",55.7522,37.6156
20001327,"[55.752, 37.615]",55.752,37.615
20001328,"[55.752, 37.615]",55.752,37.615
20001329,"[55.7522, 37.6156]",55.7522,37.6156
20001330,"[55.7522, 37.6156]",55.7522,37.6156
20001331,"[55.7522, 37.6156]",55.7522,37.6156
20001332,"[55.7522, 37.6156]",55.7522,37.6156
20001333,"[55.7522, 37.6156]",55.7522,37.6156
20001334,"[55.7522, 37.6156]",55.7522,37.6156
20001335,"[55.7522, 37.6156]",55.7522,37.6156
20001336,"[55.7522, 37.6156]",55.7522,37.6156
20001337,"[61.0042, 69.0019]",61.0042,69.0019
20001338,"[59.8944, 30.2642]",59.8944,30.2642
20001343,"[52.3667, 54.0833]",52.3667,54.0833
20001344,"[55.46183, 89.131393]",55.46183,89.131393
20001345,"[55.46183, 89.131393]",55.46183,89.131393
20001348,"[56.7860317, 105.7591958]",56.7860317,105.7591958
20001349,"[65.9944237, 57.5570861]",65.9944237,57.5570861
20001353,"[59.8092, 30.3817]",59.8092,30.3817
20001355,"[60.0247, 108.0878]",60.0247,108.0878
20001357,"[63.1667, 75.6167]",63.1667,75.6167
20001359,"[65.9944237, 57.5570861]",65.9944237,57.5570861
20001363,"[63.5581, 53.6889]",63.5581,53.6889
20001368,"[66.6615094, 66.3810869]",66.6615094,66.3810869
20001369,"[66.6615094, 66.3810869]",66.6615094,66.3810869
20001370,"[66.6572, 66.4183]",66.6572,66.4183
20001371,"[66.6572, 66.4183]",66.6572,66.4183
20001378,"[67.029, 72.0413]",67.029,72.0413
20001388,"[56.7809812, 105.745018]",56.7809812,105.745018
20001389,"[56.7809812, 105.745018]",56.7809812,105.745018
20001390,"[56.7658, 105.6483]",56.7658,105.6483
20001391,"[56.7658, 105.6483]",56.7658,105.6483
20001393,"[67.6481, 53.0472]",67.6481,53.0472
20001398,"[57.1, 65.76]",57.1,65.76
20001399,"[65.5369605, 72.52923021448598]",65.5369605,72.52923021448598
20001400,"[65.5277567, 72.5368799]",65.5277567,72.5368799
20001401,"[44.5828974, 38.2788325]",44.5828974,38.2788325
20001402,"[62.5444149, 65.6479234]",62.5444149,65.6479234
20001403,"[80.7984841, 51.258641]",80.7984841,51.258641
20001408,"[68.9717, 33.0819]",68.9717,33.0819
20001413,"[57.0091015, 27.8403526]",57.0091015,27.8403526
20001418,"[68.9717, 33.0819]",68.9717,33.0819
20001423,"[59.7513, 30.4766]",59.7513,30.4766
20001428,"[66.6615094, 66.3810869]",66.6615094,66.3810869
20001438,"[44.0477813, 43.00139493616491]",44.0477813,43.00139493616491
20001443,"[25.195348682352943, 86.98009136470588]",25.195348682352943,86.98009136470588
20001444,"[51.449, 57.0908]",51.449,57.0908
20001448,"[52.499031, 103.94667]",52.499031,103.94667
20001449,"[56.5, 84.9667]",56.5,84.9667
20001453,"[52.9220371, 158.5073923778425]",52.9220371,158.5073923778425
20001454,"[65.5277567, 72.5368799]",65.5277567,72.5368799
20001463,"[58.6517932, 27.468547000154416]",58.6517932,27.468547000154416
20001468,"[56.4422, 60.1878]",56.4422,60.1878
20001469,"[48.729, 44.2489]",48.729,44.2489
20001473,"[60.1256, 29.8764]",60.1256,29.8764
20001474,"[68.9717, 33.0819]",68.9717,33.0819
20001475,"[68.9717, 33.0819]",68.9717,33.0819
20001476,"[68.9717, 33.0819]",68.9717,33.0819
20001477,"[68.9717, 33.0819]",68.9717,33.0819
20001478,"[60.1256, 29.8764]",60.1256,29.8764
20001479,"[64.4831222, 76.6980528]",64.4831222,76.6980528
20001480,"[68.9717, 33.0819]",68.9717,33.0819
20001481,"[59.9321, 30.1968]",59.9321,30.1968
20001483,"[60.1256, 29.8764]",60.1256,29.8764
20001489,"[61.2412, 77.4858]",61.2412,77.4858
20001493,"[46.6356963, 6.5320717]",46.6356963,6.5320717
20001498,"[58.2918806, 68.3249]",58.2918806,68.3249
20001503,"[55.7522, 37.6156]",55.7522,37.6156
20001508,"[61.0333, 28.9333]",61.0333,28.9333
20001509,"[53.36, 83.76]",53.36,83.76
20001513,"[58.5446, 68.4194]",58.5446,68.4194
20001514,"[55.752, 37.615]",55.752,37.615
20001515,"[60.1256, 29.8764]",60.1256,29.8764
20001516,"[56.3287, 44.002]",56.3287,44.002
20001517,"[58.5811, 50.5389]",58.5811,50.5389
20001518,"[45.1058, 38.9333]",45.1058,38.9333
20001519,"[55.0411, 82.9344]",55.0411,82.9344
20001520,"[55.3333, 86.0833]",55.3333,86.0833
20001521,"[54.3112, 73.8572]",54.3112,73.8572
20001522,"[58.1708, 109.0781]",58.1708,109.0781
20001523,"[56.8263, 60.5388]",56.8263,60.5388
20001524,"[57.1, 65.76]",57.1,65.76
20001525,"[60.9881, 71.9931]",60.9881,71.9931
20001526,"[55.1544, 61.4297]",55.1544,61.4297
20001528,"[53.3267225, 50.3051858]",53.3267225,50.3051858
20001533,"[59.9321, 30.1968]",59.9321,30.1968
20001538,"[55.7866, 52.4385]",55.7866,52.4385
20001539,"[51.3384, 58.7657]",51.3384,58.7657
20001548,"[62.1445646, 65.4349289]",62.1445646,65.4349289
20001549,"[54.9, 59.74]",54.9,59.74
20001550,"[66.69915915, 66.19413911300725]",66.69915915,66.19413911300725
20001553,"[44.5828974, 38.2788325]",44.5828974,38.2788325
20001554,"[56.3315899, 38.1494631]",56.3315899,38.1494631
20001558,"[55.3545361, 78.3339639]",55.3545361,78.3339639
20001559,"[56.860786399999995, 60.52682850765105]",56.860786399999995,60.52682850765105
20001560,"[55.7522, 37.6156]",55.7522,37.6156
20001563,"[51.449, 57.0908]",51.449,57.0908
20001564,"[63.1667, 75.6167]",63.1667,75.6167
20001565,"[63.1667, 75.6167]",63.1667,75.6167
20001566,"[66.6615094, 66.3810869]",66.6615094,66.3810869
20001567,"[59.8944, 30.2642]",59.8944,30.2642
20001569,"[50.79, 59.25]",50.79,59.25
20001573,"[63.20275225, 75.45226511999205]",63.20275225,75.45226511999205
20001574,"[63.79126425, 74.49600960164467]",63.79126425,74.49600960164467
20001575,"[61.02087815, 76.08519695371463]",61.02087815,76.08519695371463
20001576,"[55.0968581, 21.3838754]",55.0968581,21.3838754
20001577,"[47.8759679, 33.38278671651827]",47.8759679,33.38278671651827
20001578,"[61.7438146, 75.58032695147195]",61.7438146,75.58032695147195
20001579,"[51.9704148, 55.1857471]",51.9704148,55.1857471
20001580,"[65.5277567, 72.5368799]",65.5277567,72.5368799
20001581,"[43.18718655, -0.728247400084667]",43.18718655,-0.728247400084667
20001582,"[62.6461162, 135.5829996]",62.6461162,135.5829996
20001583,"[44.5828974, 38.2788325]",44.5828974,38.2788325
20001584,"[65.9175552, 78.1970554]",65.9175552,78.1970554
20001586,"[66.0833, 76.6333]",66.0833,76.6333
20001588,"[25.195348682352943, 86.98009136470588]",25.195348682352943,86.98009136470588
20001589,"[46.9574273, 142.727438]",46.9574273,142.727438
20001590,"[62.4704742, 65.5600351]",62.4704742,65.5600351
20001591,"[46.9574273, 142.727438]",46.9574273,142.727438
20001592,"[46.9574273, 142.727438]",46.9574273,142.727438
20001593,"[52.1883454, 45.5777746]",52.1883454,45.5777746
20001594,"[21.764213599999998, 108.566833709917]",21.764213599999998,108.566833709917
20001595,"[49.8423946, 24.0308972]",49.8423946,24.0308972
20001596,"[62.6268347, 65.68750936302801]",62.6268347,65.68750936302801
20001597,"[56.0428994, 64.0298459]",56.0428994,64.0298459
20001598,"[44.5828974, 38.2788325]",44.5828974,38.2788325
20001599,"[57.6022687, 78.4023754]",57.6022687,78.4023754
20001600,"[57.46452735, 78.43417231837878]",57.46452735,78.43417231837878
20001601,"[57.46452735, 78.43417231837878]",57.46452735,78.43417231837878
20001602,"[48.644667299999995, 73.9329351370386]",48.644667299999995,73.9329351370386
20001603,"[53.3675523, -2.2893647]",53.3675523,-2.2893647
20001604,"[48.644667299999995, 73.9329351370386]",48.644667299999995,73.9329351370386
20001605,"[55.9460596, -3.3499127]",55.9460596,-3.3499127
20001606,"[66.878941, 79.76866586090222]",66.878941,79.76866586090222
20001607,"[55.3613211, 36.7577337]",55.3613211,36.7577337
20001608,"[55.3613211, 36.7577337]",55.3613211,36.7577337
20001609,"[55.3613211, 36.7577337]",55.3613211,36.7577337
20001610,"[55.3613211, 36.7577337]",55.3613211,36.7577337
20001613,"[61.868949400000005, 70.79755837885943]",61.868949400000005,70.79755837885943
20001614,"[61.868949400000005, 70.79755837885943]",61.868949400000005,70.79755837885943
20001628,"[53.0725, 45.3546]",53.0725,45.3546
20001630,"[49.544, 44.2679]",49.544,44.2679
20001631,"[56.399, 92.4783]",56.399,92.4783
20001633,"[66.0833, 76.6333]",66.0833,76.6333
20001635,"[62.5444149, 65.6479234]",62.5444149,65.6479234
20001638,"[54.3408, 73.2098]",54.3408,73.2098
20001640,"[44.5828974, 38.2788325]",44.5828974,38.2788325
20001641,"[55.7522, 37.6156]",55.7522,37.6156
20001642,"[60.1256, 29.8764]",60.1256,29.8764
20001643,"[59.5497806, 70.0022944]",59.5497806,70.0022944
20001644,"[55.7522, 37.6156]",55.7522,37.6156
20001645,"[56.4056, 61.9278]",56.4056,61.9278
20001646,"[66.941626, 129.642371]",66.941626,129.642371
20001653,"[58.1107, 92.7155]",58.1107,92.7155
20001658,"[65.5277567, 72.5368799]",65.5277567,72.5368799
20001663,"[58.5811, 50.5389]",58.5811,50.5389
20001664,"[55.1544, 61.4297]",55.1544,61.4297
20001665,"[54.7428, 80.6465]",54.7428,80.6465
20001666,"[56.8575, 60.6125]",56.8575,60.6125
20001667,"[55.752, 37.615]",55.752,37.615
20001668,"[51.4439, 43.165]",51.4439,43.165
20001673,"[55.752, 37.615]",55.752,37.615
20001674,"[60.0922, 30.2368]",60.0922,30.2368
20001675,"[57.1, 65.76]",57.1,65.76
20001676,"[41.9301008, 76.7632087]",41.9301008,76.7632087
20001677,"[55.8285563, 37.3722173]",55.8285563,37.3722173
20001678,"[47.6397, 43.1914]",47.6397,43.1914
20001683,"[64.4831222, 76.6980528]",64.4831222,76.6980528
20001688,"[47.6397, 43.1914]",47.6397,43.1914
20001693,"[55.752, 37.615]",55.752,37.615
20001694,"[56.860786399999995, 60.52682850765105]",56.860786399999995,60.52682850765105
20001698,"[55.1284, 73.0947]",55.1284,73.0947
20001699,"[63.1667, 75.6167]",63.1667,75.6167
20001700,"[56.5, 84.9667]",56.5,84.9667
20001701,"[60.7283, 77.5928]",60.7283,77.5928
20001702,"[51.449, 57.0908]",51.449,57.0908
20001703,"[58.5811, 50.5389]",58.5811,50.5389
20001704,"[61.0042, 69.0019]",61.0042,69.0019
20001708,"[54.3408, 73.2098]",54.3408,73.2098
20001709,"[54.41, 71.95]",54.41,71.95
20001710,"[54.3408, 73.2098]",54.3408,73.2098
20001711,"[54.3408, 73.2098]",54.3408,73.2098
20001712,"[54.3408, 73.2098]",54.3408,73.2098
20001713,"[55.7522, 37.6156]",55.7522,37.6156
20001714,"[54.3408, 73.2098]",54.3408,73.2098
20001715,"[59.9321, 30.1968]",59.9321,30.1968
20001716,"[55.7522, 37.6156]",55.7522,37.6156
20001717,"[55.752, 37.615]",55.752,37.615
20001718,"[55.7522, 37.6156]",55.7522,37.6156
20001719,"[55.7522, 37.6156]",55.7522,37.6156
20001720,"[54.3408, 73.2098]",54.3408,73.2098
20001721,"[55.7522, 37.6156]",55.7522,37.6156
20001722,"[54.3408, 73.2098]",54.3408,73.2098
20001723,"[60.1256, 29.8764]",60.1256,29.8764
20001724,"[59.9321, 30.1968]",59.9321,30.1968
20001725,"[44.7239, 37.7708]",44.7239,37.7708
20001726,"[51.1133, 59.0831]",51.1133,59.0831
20001727,"[59.885, 29.8958]",59.885,29.8958
20001728,"[59.9321, 30.1968]",59.9321,30.1968
20001729,"[68.9717, 33.0819]",68.9717,33.0819
20001730,"[44.7239, 37.7708]",44.7239,37.7708
20001731,"[45.6814, 38.1336]",45.6814,38.1336
20001732,"[45.6814, 38.1336]",45.6814,38.1336
20001733,"[59.9321, 30.1968]",59.9321,30.1968
20001734,"[46.4725, 41.5428]",46.4725,41.5428
20001735,"[55.205, 34.2922]",55.205,34.2922
20001736,"[54.6197, 39.74]",54.6197,39.74
20001737,"[54.6197, 39.74]",54.6197,39.74
20001738,"[55.752, 37.615]",55.752,37.615
20001739,"[54.3408, 73.2098]",54.3408,73.2098
20001740,"[59.9321, 30.1968]",59.9321,30.1968
20001741,"[55.9606, 38.0456]",55.9606,38.0456
20001742,"[56.3287, 44.002]",56.3287,44.002
20001743,"[60.1256, 29.8764]",60.1256,29.8764
20001744,"[52.0333, 113.55]",52.0333,113.55
20001745,"[55.9017, 37.4375]",55.9017,37.4375
20001746,"[56.8263, 60.5388]",56.8263,60.5388
20001747,"[54.15, 41.2333]",54.15,41.2333
20001748,"[56.4464, 58.9183]",56.4464,58.9183
20001749,"[66.0833, 76.6333]",66.0833,76.6333
20001753,"[52.788502, 52.253899]",52.788502,52.253899
20001754,"[55.7556, 60.7028]",55.7556,60.7028
20001758,"[59.8944, 30.2642]",59.8944,30.2642
20001759,"[54.3408, 73.2098]",54.3408,73.2098
20001760,"[55.8225, 37.3181]",55.8225,37.3181
20001761,"[55.9606, 38.0456]",55.9606,38.0456
20001762,"[59.885, 29.8958]",59.885,29.8958
20001763,"[68.9717, 33.0819]",68.9717,33.0819
20001764,"[48.8047, 44.5858]",48.8047,44.5858
20001765,"[55.04190815, 82.76985218835415]",55.04190815,82.76985218835415
20001766,"[55.7522, 37.6156]",55.7522,37.6156
20001768,"[66.8811, 79.4907]",66.8811,79.4907
20001769,"[56.4464, 58.9183]",56.4464,58.9183
20001770,"[53.7275, 84.93]",53.7275,84.93
20001773,"[55.752, 37.615]",55.752,37.615
20001774,"[55.9691, 38.1461]",55.9691,38.1461
20001775,"[55.7522, 37.6156]",55.7522,37.6156
20001778,"[45.6814, 38.1336]",45.6814,38.1336
20001779,"[54.6197, 39.74]",54.6197,39.74
20001780,"[55.205, 34.2922]",55.205,34.2922
20001781,"[46.4725, 41.5428]",46.4725,41.5428
20001782,"[59.8944, 30.2642]",59.8944,30.2642
20001783,"[59.7513, 30.4766]",59.7513,30.4766
20001784,"[55.7522, 37.6156]",55.7522,37.6156
20001785,"[59.1639, 49.9306]",59.1639,49.9306
20001786,"[59.7513, 30.4766]",59.7513,30.4766
20001787,"[55.9558, 37.2972]",55.9558,37.2972
20001788,"[65.9175552, 78.1970554]",65.9175552,78.1970554
20001789,"[60.9339411, 76.5814274]",60.9339411,76.5814274
20001790,"[47.91644264999999, -4.034734743686087]",47.91644264999999,-4.034734743686087
20001791,"[62.5444149, 65.6479234]",62.5444149,65.6479234
20001792,"[54.6197, 39.74]",54.6197,39.74
20001793,"[60.1022, 30.2131]",60.1022,30.2131
20001794,"[56.8619, 35.8931]",56.8619,35.8931
20001795,"[58.1167, 28.4333]",58.1167,28.4333
20001796,"[54.3333, 48.4]",54.3333,48.4
20001797,"[54.7065, 20.511]",54.7065,20.511
20001798,"[55.9691, 38.1461]",55.9691,38.1461
20001799,"[55.3353049, 61.3115019]",55.3353049,61.3115019
20001800,"[55.1284, 73.0947]",55.1284,73.0947
20001801,"[51.449, 57.0908]",51.449,57.0908
20001802,"[55.1544, 61.4297]",55.1544,61.4297
20001803,"[48.27, 46.17]",48.27,46.17
20001804,"[52.0296, 59.2254]",52.0296,59.2254
20001805,"[44.9297, 38.0408]",44.9297,38.0408
20001806,"[52.6186, 39.5689]",52.6186,39.5689
20001807,"[47.2214, 38.9094]",47.2214,38.9094
20001808,"[51.5, 46.1167]",51.5,46.1167
20001809,"[52.5833, 111.8333]",52.5833,111.8333
20001810,"[51.4057, 128.1216]",51.4057,128.1216
20001811,"[54.9914, 82.7175]",54.9914,82.7175
20001812,"[62.5444149, 65.6479234]",62.5444149,65.6479234
20001813,"[52.1883454, 45.5777746]",52.1883454,45.5777746
20001814,"[55.9979386, 40.3250518]",55.9979386,40.3250518
20001815,"[60.7563957, 70.0232487197147]",60.7563957,70.0232487197147
20001816,"[61.0106022, 71.48694749036719]",61.0106022,71.48694749036719
20001818,"[59.7513, 30.4766]",59.7513,30.4766
20001820,"[65.93383715, 80.27684522659814]",65.93383715,80.27684522659814
20001821,"[51.25574425, 37.634684899999996]",51.25574425,37.634684899999996
20001822,"[51.25574425, 37.634684899999996]",51.25574425,37.634684899999996
20001823,"[63.12280945, 75.36793856320467]",63.12280945,75.36793856320467
20001829,"[53.2514, 40.2883]",53.2514,40.2883
20001833,"[59.9321, 30.1968]",59.9321,30.1968
20001834,"[59.885, 29.8958]",59.885,29.8958
20001839,"[45.6814, 38.1336]",45.6814,38.1336
20001843,"[59.8944, 30.2642]",59.8944,30.2642
20001848,"[61.868949400000005, 70.79755837885943]",61.868949400000005,70.79755837885943
20001849,"[56.6653209, 59.5431645]",56.6653209,59.5431645
20001850,"[61.343260349999994, 112.803010475]",61.343260349999994,112.803010475
20001851,"[69.1995184, 81.37737333466444]",69.1995184,81.37737333466444
20001852,"[57.3053062, 78.6671295]",57.3053062,78.6671295
20001858,"[59.8944, 30.2642]",59.8944,30.2642
20001859,"[56.3287, 44.002]",56.3287,44.002
20001860,"[55.752, 37.615]",55.752,37.615
20001861,"[54.3408, 73.2098]",54.3408,73.2098
20001862,"[50.7114101, 86.8572186]",50.7114101,86.8572186
20001863,"[54.6908913, 30.989241]",54.6908913,30.989241
20001868,"[52.788502, 52.253899]",52.788502,52.253899
20001869,"[26.0804874, -99.6096212]",26.0804874,-99.6096212
20001870,"[56.0903148, 61.5354248]",56.0903148,61.5354248
20001871,"[55.0411, 82.9344]",55.0411,82.9344
20001872,"[56.8575, 60.6125]",56.8575,60.6125
20001873,"[59.8944, 30.2642]",59.8944,30.2642
20001874,"[59.7513, 30.4766]",59.7513,30.4766
20001875,"[59.8944, 30.2642]",59.8944,30.2642
20001878,"[68.9717, 33.0819]",68.9717,33.0819
20001879,"[68.9717, 33.0819]",68.9717,33.0819
20001880,"[68.9717, 33.0819]",68.9717,33.0819
20001881,"[68.9717, 33.0819]",68.9717,33.0819
20001882,"[68.9717, 33.0819]",68.9717,33.0819
20001883,"[68.9717, 33.0819]",68.9717,33.0819
20001884,"[68.9717, 33.0819]",68.9717,33.0819
20001885,"[68.9717, 33.0819]",68.9717,33.0819
20001886,"[68.9717, 33.0819]",68.9717,33.0819
20001887,"[68.9717, 33.0819]",68.9717,33.0819
20001888,"[55.7522, 37.6156]",55.7522,37.6156
20001889,"[55.7522, 37.6156]",55.7522,37.6156
20001890,"[55.7522, 37.6156]",55.7522,37.6156
20001891,"[55.7522, 37.6156]",55.7522,37.6156
20001892,"[55.7522, 37.6156]",55.7522,37.6156
20001893,"[58.5811, 50.5389]",58.5811,50.5389
20001894,"[58.5811, 50.5389]",58.5811,50.5389
20001895,"[59.8944, 30.2642]",59.8944,30.2642
20001896,"[56.8575, 60.6125]",56.8575,60.6125
20001897,"[56.8575, 60.6125]",56.8575,60.6125
20001898,"[55.0411, 82.9344]",55.0411,82.9344
20001899,"[57.1522, 65.5272]",57.1522,65.5272
20001900,"[45.0328, 38.9769]",45.0328,38.9769
20001901,"[56.3287, 44.002]",56.3287,44.002
20001902,"[55.1544, 61.4297]",55.1544,61.4297
20001903,"[55.0, 73.4]",55.0,73.4
20001904,"[55.3333, 86.0833]",55.3333,86.0833
20001905,"[56.0097, 92.7917]",56.0097,92.7917
20001906,"[53.36, 83.76]",53.36,83.76
20001907,"[61.25, 73.4167]",61.25,73.4167
20001908,"[61.2412, 77.4858]",61.2412,77.4858
20001909,"[61.05, 76.1]",61.05,76.1
20001913,"[56.635, 60.5817]",56.635,60.5817
20001914,"[55.98, 37.4911]",55.98,37.4911
20001915,"[59.54, 30.8775]",59.54,30.8775
20001916,"[58.5811, 50.5389]",58.5811,50.5389
20001917,"[56.7658, 105.6483]",56.7658,105.6483
20001918,"[61.2412, 77.4858]",61.2412,77.4858
20001923,"[56.7860317, 105.7591958]",56.7860317,105.7591958
20001924,"[59.9321, 30.1968]",59.9321,30.1968
20001933,"[59.9321, 30.1968]",59.9321,30.1968
20001934,"[55.205, 34.2922]",55.205,34.2922
20001935,"[55.7522, 37.6156]",55.7522,37.6156
20001960,"[69.07, 33.18]",69.07,33.18
20001964,"[62.1406, 65.3936]",62.1406,65.3936
20001968,"[62.3943529, 43.8710054]",62.3943529,43.8710054
20001973,"[56.6937, 61.2826]",56.6937,61.2826
20001974,"[55.3353049, 61.3115019]",55.3353049,61.3115019
20001975,"[56.8825218, 60.8282629]",56.8825218,60.8282629
20001976,"[57.0614, 63.7453]",57.0614,63.7453
20001977,"[55.98, 37.4911]",55.98,37.4911
20001978,"[55.1956, 80.2811]",55.1956,80.2811
20001979,"[55.3178, 85.9489]",55.3178,85.9489
20001980,"[53.75, 87.1]",53.75,87.1
20001981,"[56.15, 69.45]",56.15,69.45
20001982,"[58.83, 67.3]",58.83,67.3
20001983,"[51.8222239, 39.639511888622195]",51.8222239,39.639511888622195
20001984,"[68.0544447, 39.5129384]",68.0544447,39.5129384
20001985,"[66.6615094, 66.3810869]",66.6615094,66.3810869
20001986,"[66.6615094, 66.3810869]",66.6615094,66.3810869
20001987,"[66.69915915, 66.19413911300725]",66.69915915,66.19413911300725
20001988,"[55.1544, 61.4297]",55.1544,61.4297
20001989,"[58.0453, 63.6975]",58.0453,63.6975
20001993,"[59.9321, 30.1968]",59.9321,30.1968
20001994,"[54.6197, 39.74]",54.6197,39.74
20001995,"[56.8263, 60.5388]",56.8263,60.5388
20001996,"[59.9321, 30.1968]",59.9321,30.1968
20001997,"[59.9321, 30.1968]",59.9321,30.1968
20001998,"[47.8126, 44.5233]",47.8126,44.5233
20001999,"[55.7522, 37.6156]",55.7522,37.6156
20002000,"[54.3408, 73.2098]",54.3408,73.2098
20002001,"[54.6197, 39.74]",54.6197,39.74
20002002,"[55.205, 34.2922]",55.205,34.2922
20002003,"[55.7522, 37.6156]",55.7522,37.6156
20002004,"[54.3408, 73.2098]",54.3408,73.2098
20002005,"[54.3408, 73.2098]",54.3408,73.2098
20002006,"[54.6197, 39.74]",54.6197,39.74
20002007,"[54.6197, 39.74]",54.6197,39.74
20002008,"[60.9881, 71.9931]",60.9881,71.9931
20002009,"[66.8811, 79.4907]",66.8811,79.4907
20002010,"[67.4667, 78.7]",67.4667,78.7
20002011,"[62.5206, 65.5964]",62.5206,65.5964
20002012,"[60.9944, 71.6356]",60.9944,71.6356
20002013,"[67.4667, 78.7]",67.4667,78.7
20002014,"[55.0411, 82.9344]",55.0411,82.9344
20002015,"[56.635, 60.5817]",56.635,60.5817
20002016,"[54.1833, 45.1833]",54.1833,45.1833
20002017,"[53.0283, 32.1919]",53.0283,32.1919
20002018,"[55.5514921, 69.4231517]",55.5514921,69.4231517
20002019,"[63.1667, 75.6167]",63.1667,75.6167
20002020,"[56.5, 84.9667]",56.5,84.9667
20002021,"[51.449, 57.0908]",51.449,57.0908
20002022,"[61.05, 76.1]",61.05,76.1
20002023,"[59.8944, 30.2642]",59.8944,30.2642
20002024,"[61.0042, 69.0019]",61.0042,69.0019
20002025,"[57.1, 65.76]",57.1,65.76
20002026,"[56.8207, 64.7718]",56.8207,64.7718
20002028,"[63.1667, 75.6167]",63.1667,75.6167
20002033,"[62.1445646, 65.4349289]",62.1445646,65.4349289
20002038,"[50.87001315, 39.07495156666667]",50.87001315,39.07495156666667
20002039,"[51.3686, 42.0906]",51.3686,42.0906
20002040,"[56.1667, 39.0833]",56.1667,39.0833
20002041,"[50.6254, 137.3994]",50.6254,137.3994
20002042,"[55.9558, 37.2972]",55.9558,37.2972
20002043,"[55.7522, 37.6156]",55.7522,37.6156
20002048,"[64.8433, 170.6133]",64.8433,170.6133
20002049,"[69.7008, 170.3133]",69.7008,170.3133
20002050,"[67.8167, 166.1]",67.8167,166.1
20002051,"[68.8167, 32.8333]",68.8167,32.8333
20002052,"[56.860786399999995, 60.52682850765105]",56.860786399999995,60.52682850765105
20002053,"[54.3408, 73.2098]",54.3408,73.2098
20002054,"[54.3408, 73.2098]",54.3408,73.2098
20002058,"[52.8481, 42.4104]",52.8481,42.4104
20002063,"[50.75, 86.15]",50.75,86.15
20002064,"[68.8167, 32.8333]",68.8167,32.8333
20002065,"[64.8433, 170.6133]",64.8433,170.6133
20002066,"[69.7008, 170.3133]",69.7008,170.3133
20002067,"[67.8167, 166.1]",67.8167,166.1
20002068,"[52.8882, 85.4962]",52.8882,85.4962
20002069,"[53.0043972, 83.3774517]",53.0043972,83.3774517
20002070,"[59.8085944, 30.5771454]",59.8085944,30.5771454
20002071,"[61.1, 75.7833]",61.1,75.7833
20002072,"[45.7759716, 47.64683917523395]",45.7759716,47.64683917523395
20002079,"[56.8263, 60.5388]",56.8263,60.5388
20002083,"[55.7522, 37.6156]",55.7522,37.6156
20002088,"[61.25, 73.4167]",61.25,73.4167
20002089,"[51.7847, 55.0986]",51.7847,55.0986
20002090,"[58.2789336, 47.9559118]",58.2789336,47.9559118
20002091,"[51.7847, 55.0986]",51.7847,55.0986
20002093,"[65.6238606, 119.6100226]",65.6238606,119.6100226
20002100,"[55.7522, 37.6156]",55.7522,37.6156
20002101,"[68.9717, 33.0819]",68.9717,33.0819
20002102,"[63.1667, 75.6167]",63.1667,75.6167
20002103,"[59.8944, 30.2642]",59.8944,30.2642
20002104,"[56.8575, 60.6125]",56.8575,60.6125
20002105,"[54.3408, 73.2098]",54.3408,73.2098
20002106,"[55.0411, 82.9344]",55.0411,82.9344
20002107,"[51.7847, 55.0986]",51.7847,55.0986
20002108,"[61.05, 76.1]",61.05,76.1
20002109,"[46.6819, 39.2004]",46.6819,39.2004
20002110,"[55.752, 37.615]",55.752,37.615
20002112,"[51.449, 57.0908]",51.449,57.0908
20002113,"[56.8207, 64.7718]",56.8207,64.7718
20002118,"[59.9321, 30.1968]",59.9321,30.1968
20002128,"[57.1, 65.76]",57.1,65.76
20002129,"[25.195348682352943, 86.98009136470588]",25.195348682352943,86.98009136470588
20002131,"[55.35, 78.35]",55.35,78.35
20002132,"[54.2833, 85.9333]",54.2833,85.9333
20002134,"[59.9321, 30.1968]",59.9321,30.1968
20002135,"[55.7522, 37.6156]",55.7522,37.6156
20002136,"[54.3408, 73.2098]",54.3408,73.2098
20002137,"[68.9717, 33.0819]",68.9717,33.0819
20002138,"[59.9321, 30.1968]",59.9321,30.1968
20002139,"[46.4725, 41.5428]",46.4725,41.5428
20002143,"[44.8356623, -0.5672898]",44.8356623,-0.5672898
20002144,"[56.9, 74.3667]",56.9,74.3667
20002145,"[57.0614, 63.7453]",57.0614,63.7453
20002146,"[59.8944, 30.2642]",59.8944,30.2642
20002147,"[49.8944, 40.2575]",49.8944,40.2575
20002149,"[53.36, 83.76]",53.36,83.76
20002150,"[55.3178, 85.9489]",55.3178,85.9489
20002151,"[53.75, 87.1]",53.75,87.1
20002152,"[54.5097, 83.3403]",54.5097,83.3403
20002153,"[55.9372, 37.5153]",55.9372,37.5153
20002154,"[56.635, 60.5817]",56.635,60.5817
20002155,"[56.635, 60.5817]",56.635,60.5817
20002156,"[55.0411, 82.9344]",55.0411,82.9344
20002157,"[55.0411, 82.9344]",55.0411,82.9344
20002158,"[53.36, 83.76]",53.36,83.76
20002159,"[55.35, 78.35]",55.35,78.35
20002160,"[54.5097, 83.3403]",54.5097,83.3403
20002161,"[53.75, 87.1]",53.75,87.1
20002162,"[59.7513, 30.4766]",59.7513,30.4766
20002163,"[54.3408, 73.2098]",54.3408,73.2098
20002168,"[56.8263, 60.5388]",56.8263,60.5388
20002169,"[55.7503, 38.0042]",55.7503,38.0042
20002170,"[57.3381, 47.875]",57.3381,47.875
20002171,"[56.15, 69.45]",56.15,69.45
20002172,"[55.05, 74.5667]",55.05,74.5667
20002173,"[54.2596, 36.1436]",54.2596,36.1436
20002174,"[55.3178, 85.9489]",55.3178,85.9489
20002175,"[56.1664, 91.3906]",56.1664,91.3906
20002176,"[61.150825, 32.7949247]",61.150825,32.7949247
20002177,"[56.6047, 57.7558]",56.6047,57.7558
20002178,"[57.9194, 59.965]",57.9194,59.965
20002179,"[63.1667, 75.6167]",63.1667,75.6167
20002180,"[54.41, 71.95]",54.41,71.95
20002181,"[55.9372, 37.5153]",55.9372,37.5153
20002182,"[59.3917, 61.5617]",59.3917,61.5617
20002183,"[58.83, 67.3]",58.83,67.3
20002184,"[55.0878, 61.3378]",55.0878,61.3378
20002185,"[56.399, 92.4783]",56.399,92.4783
20002186,"[55.752, 37.615]",55.752,37.615
20002187,"[59.9321, 30.1968]",59.9321,30.1968
20002188,"[53.36, 83.76]",53.36,83.76
20002189,"[57.0614, 63.7453]",57.0614,63.7453
20002190,"[55.0411, 82.9344]",55.0411,82.9344
20002191,"[55.0411, 82.9344]",55.0411,82.9344
20002192,"[59.4569, 29.9946]",59.4569,29.9946
20002193,"[56.5, 84.9667]",56.5,84.9667
20002198,"[54.3408, 73.2098]",54.3408,73.2098
20002199,"[56.15, 69.45]",56.15,69.45
20002200,"[57.1833, 65.9667]",57.1833,65.9667
20002201,"[55.1544, 61.4297]",55.1544,61.4297
20002202,"[56.75, 61.38]",56.75,61.38
20002203,"[56.6047, 57.7558]",56.6047,57.7558
20002204,"[59.3917, 61.5617]",59.3917,61.5617
20002205,"[58.5811, 50.5389]",58.5811,50.5389
20002206,"[55.7522, 37.6156]",55.7522,37.6156
20002208,"[58.6978, 81.4825]",58.6978,81.4825
20002209,"[58.6978, 81.4825]",58.6978,81.4825
20002210,"[58.6978, 81.4825]",58.6978,81.4825
20002211,"[67.4667, 78.7]",67.4667,78.7
20002212,"[64.4803, 76.6897]",64.4803,76.6897
20002213,"[58.2, 68.2667]",58.2,68.2667
20002214,"[57.9194, 59.965]",57.9194,59.965
20002215,"[56.1819, 41.4764]",56.1819,41.4764
20002218,"[53.3267225, 50.3051858]",53.3267225,50.3051858
20002223,"[58.5811, 50.5389]",58.5811,50.5389
20002224,"[56.3287, 44.002]",56.3287,44.002
20002225,"[57.1522, 65.5272]",57.1522,65.5272
20002226,"[55.1544, 61.4297]",55.1544,61.4297
20002227,"[55.0411, 82.9344]",55.0411,82.9344
20002228,"[56.399, 92.4783]",56.399,92.4783
20002229,"[53.36, 83.76]",53.36,83.76
20002230,"[54.9, 59.74]",54.9,59.74
20002231,"[54.9, 59.74]",54.9,59.74
20002232,"[47.5490251, 1.7324062]",47.5490251,1.7324062
20002233,"[55.1544, 61.4297]",55.1544,61.4297
20002234,"[62.1406, 65.3936]",62.1406,65.3936
20002235,"[62.1406, 65.3936]",62.1406,65.3936
20002236,"[62.1406, 65.3936]",62.1406,65.3936
20002237,"[62.1406, 65.3936]",62.1406,65.3936
20002238,"[56.7658, 105.6483]",56.7658,105.6483
20002239,"[62.1406, 65.3936]",62.1406,65.3936
20002240,"[31.7780168, 35.23529625421368]",31.7780168,35.23529625421368
20002241,"[55.7522, 37.6156]",55.7522,37.6156
20002243,"[62.1406, 65.3936]",62.1406,65.3936
20002244,"[62.1406, 65.3936]",62.1406,65.3936
20002245,"[62.1406, 65.3936]",62.1406,65.3936
20002248,"[59.9321, 30.1968]",59.9321,30.1968
20002249,"[54.6197, 39.74]",54.6197,39.74
20002250,"[55.2333, 57.6]",55.2333,57.6
20002251,"[52.1167, 36.7833]",52.1167,36.7833
20002252,"[59.9222, 32.3381]",59.9222,32.3381
20002253,"[59.9321, 30.1968]",59.9321,30.1968
20002254,"[55.3333, 86.0833]",55.3333,86.0833
20002255,"[59.9321, 30.1968]",59.9321,30.1968
20002256,"[55.752, 37.615]",55.752,37.615
20002257,"[56.8263, 60.5388]",56.8263,60.5388
20002258,"[56.1167, 38.8833]",56.1167,38.8833
20002259,"[49.544, 44.2679]",49.544,44.2679
20002260,"[52.1167, 36.7833]",52.1167,36.7833
20002263,"[54.6317, 21.8108]",54.6317,21.8108
20002264,"[56.8263, 60.5388]",56.8263,60.5388
20002265,"[55.9017, 37.4375]",55.9017,37.4375
20002266,"[55.4958, 37.5461]",55.4958,37.5461
20002267,"[53.0283, 32.1919]",53.0283,32.1919
20002268,"[52.0333, 113.55]",52.0333,113.55
20002269,"[54.1833, 45.1833]",54.1833,45.1833
20002270,"[54.9, 59.74]",54.9,59.74
20002271,"[66.6247, 72.9228]",66.6247,72.9228
20002272,"[57.1086, 65.4258]",57.1086,65.4258
20002275,"[54.3408, 73.2098]",54.3408,73.2098
20002276,"[55.7522, 37.6156]",55.7522,37.6156
20002277,"[59.8944, 30.2642]",59.8944,30.2642
20002278,"[47.8126, 44.5233]",47.8126,44.5233
20002279,"[55.752, 37.615]",55.752,37.615
20002280,"[54.6197, 39.74]",54.6197,39.74
20002281,"[56.074, 43.5879]",56.074,43.5879
20002282,"[54.3408, 73.2098]",54.3408,73.2098
20002283,"[51.7119835, 54.5865583]",51.7119835,54.5865583
20002284,"[60.0, 100.0]",60.0,100.0
20002285,"[61.2412, 77.4858]",61.2412,77.4858
20002286,"[60.9339411, 76.5814274]",60.9339411,76.5814274
20002287,"[50.9535611, 46.9782222]",50.9535611,46.9782222
20002292,"[57.1522, 65.5272]",57.1522,65.5272
20002293,"[58.0, 56.25]",58.0,56.25
20002298,"[57.099061, 93.3343983]",57.099061,93.3343983
20002299,"[58.0, 56.25]",58.0,56.25
20002300,"[54.737258, 55.9032388]",54.737258,55.9032388
20002303,"[56.5, 84.9667]",56.5,84.9667
20002304,"[51.75, 55.3833]",51.75,55.3833
20002305,"[64.0333, 81.9167]",64.0333,81.9167
20002306,"[63.1667, 75.6167]",63.1667,75.6167
20002307,"[60.7253, 114.9278]",60.7253,114.9278
20002308,"[67.3833, 78.9833]",67.3833,78.9833
20002309,"[64.4803, 76.6897]",64.4803,76.6897
20002310,"[64.4803, 76.6897]",64.4803,76.6897
20002311,"[67.3833, 78.9833]",67.3833,78.9833
20002312,"[56.5081, 66.5419]",56.5081,66.5419
20002313,"[66.6615094, 66.3810869]",66.6615094,66.3810869
20002318,"[60.42178, 43.511059]",60.42178,43.511059
20002323,"[31.2312707, 121.4700152]",31.2312707,121.4700152
20002328,"[60.42178, 43.511059]",60.42178,43.511059
20002333,"[59.7513, 30.4766]",59.7513,30.4766
20002339,"[59.8944, 30.2642]",59.8944,30.2642
20002343,"[66.6572, 66.4183]",66.6572,66.4183
20002344,"[64.8477, 77.4524]",64.8477,77.4524
20002349,"[66.941626, 129.642371]",66.941626,129.642371
20002351,"[59.8085944, 30.5771454]",59.8085944,30.5771454
20002353,"[54.3408, 73.2098]",54.3408,73.2098
20002354,"[55.752, 37.615]",55.752,37.615
20002358,"[54.3408, 73.2098]",54.3408,73.2098
20002363,"[61.0042, 69.0019]",61.0042,69.0019
20002368,"[60.7283, 77.5928]",60.7283,77.5928
20002369,"[61.2412, 77.4858]",61.2412,77.4858
20002370,"[59.5497806, 70.0022944]",59.5497806,70.0022944
20002371,"[63.1667, 75.6167]",63.1667,75.6167
20002374,"[59.9232951, 30.3500376]",59.9232951,30.3500376
20002378,"[55.1611757, 61.400622]",55.1611757,61.400622
20002379,"[66.6572, 66.4183]",66.6572,66.4183
20002383,"[54.3408, 73.2098]",54.3408,73.2098
20002388,"[53.82835925, 39.568863107844365]",53.82835925,39.568863107844365
20002389,"[35.0000663, 104.999955]",35.0000663,104.999955
20002393,"[56.8575, 60.6125]",56.8575,60.6125
20002398,"[57.1522, 65.5272]",57.1522,65.5272
20002403,"[66.0833, 76.6333]",66.0833,76.6333
20002404,"[54.6197, 39.74]",54.6197,39.74
20002408,"[60.0153, 30.6756]",60.0153,30.6756
20002409,"[59.6873, 30.3405]",59.6873,30.3405
20002410,"[59.7513, 30.4766]",59.7513,30.4766
20002411,"[55.9372, 37.5153]",55.9372,37.5153
20002412,"[57.6867223, 39.76596802788987]",57.6867223,39.76596802788987
20002413,"[59.1992292, 39.873226]",59.1992292,39.873226
20002414,"[57.8407435, 56.6873789]",57.8407435,56.6873789
20002415,"[54.1833, 45.1833]",54.1833,45.1833
20002416,"[58.0, 56.25]",58.0,56.25
20002418,"[59.9321, 30.1968]",59.9321,30.1968
20002423,"[58.2, 37.15]",58.2,37.15
20002424,"[46.0433, 38.1764]",46.0433,38.1764
20002428,"[63.12280945, 75.36793856320467]",63.12280945,75.36793856320467
20002429,"[63.12280945, 75.36793856320467]",63.12280945,75.36793856320467
20002430,"[65.9297, 66.124]",65.9297,66.124
20002431,"[61.2412, 77.4858]",61.2412,77.4858
20002432,"[56.8207, 64.7718]",56.8207,64.7718
20002433,"[56.7860317, 105.7591958]",56.7860317,105.7591958
20002438,"[54.3408, 73.2098]",54.3408,73.2098
20002439,"[55.7522, 37.6156]",55.7522,37.6156
20002440,"[44.5828974, 38.2788325]",44.5828974,38.2788325
20002441,"[55.7522, 37.6156]",55.7522,37.6156
20002443,"[55.035, 55.9781]",55.035,55.9781
20002444,"[25.195348682352943, 86.98009136470588]",25.195348682352943,86.98009136470588
20002453,"[55.1611757, 61.400622]",55.1611757,61.400622
20002454,"[65.9444, 57.4519]",65.9444,57.4519
20002458,"[60.1256, 29.8764]",60.1256,29.8764
20002459,"[60.1256, 29.8764]",60.1256,29.8764
20002460,"[53.3717, 55.9211]",53.3717,55.9211
20002461,"[51.9607577, 102.8068051]",51.9607577,102.8068051
20002464,"[63.1667, 75.6167]",63.1667,75.6167
20002465,"[54.3408, 73.2098]",54.3408,73.2098
20002466,"[61.2412, 77.4858]",61.2412,77.4858
20002467,"[62.3943529, 43.8710054]",62.3943529,43.8710054
20002468,"[65.9175552, 78.1970554]",65.9175552,78.1970554
20002469,"[58.2789336, 47.9559118]",58.2789336,47.9559118
20002470,"[55.5839, 36.69]",55.5839,36.69
20002471,"[58.5969, 49.6583]",58.5969,49.6583
20002472,"[46.34, 48.04]",46.34,48.04
20002473,"[48.6828, 43.5375]",48.6828,43.5375
20002474,"[48.3539, 41.8261]",48.3539,41.8261
20002475,"[48.9214, 40.3944]",48.9214,40.3944
20002476,"[47.2364, 39.7139]",47.2364,39.7139
20002477,"[46.5564, 39.6386]",46.5564,39.6386
20002478,"[46.0433, 38.1764]",46.0433,38.1764
20002479,"[44.7839, 44.1658]",44.7839,44.1658
20002480,"[58.0842, 56.4483]",58.0842,56.4483
20002481,"[55.5878, 42.2439]",55.5878,42.2439
20002482,"[56.1819, 41.4764]",56.1819,41.4764
20002483,"[53.53, 59.5767]",53.53,59.5767
20002484,"[67.6426, 36.1399]",67.6426,36.1399
20002485,"[61.7849, 34.3469]",61.7849,34.3469
20002486,"[57.1054, 36.2643]",57.1054,36.2643
20002487,"[61.05, 76.1]",61.05,76.1
20002488,"[62.1406, 65.3936]",62.1406,65.3936
20002494,"[55.45, 65.3333]",55.45,65.3333
20002495,"[69.56905979999999, 88.31246256290044]",69.56905979999999,88.31246256290044
20002498,"[61.05, 76.1]",61.05,76.1
20002499,"[56.6, 85.1167]",56.6,85.1167
20002500,"[66.0833, 76.6333]",66.0833,76.6333
20002501,"[52.3667, 54.0833]",52.3667,54.0833
20002503,"[56.399, 92.4783]",56.399,92.4783
20002504,"[69.1995184, 81.37737333466444]",69.1995184,81.37737333466444
20002505,"[61.343260349999994, 112.803010475]",61.343260349999994,112.803010475
20002508,"[59.8944, 30.2642]",59.8944,30.2642
20002509,"[63.79126425, 74.49600960164467]",63.79126425,74.49600960164467
20002510,"[51.449, 57.0908]",51.449,57.0908
20002511,"[25.195348682352943, 86.98009136470588]",25.195348682352943,86.98009136470588
20002513,"[61.343260349999994, 112.803010475]",61.343260349999994,112.803010475
20002514,"[67.4667, 78.7]",67.4667,78.7
20002515,"[67.6426, 36.1399]",67.6426,36.1399
20002516,"[54.3882, 42.0768]",54.3882,42.0768
20002517,"[61.7849, 34.3469]",61.7849,34.3469
20002518,"[51.6582191, 39.46853781226919]",51.6582191,39.46853781226919
20002519,"[59.9321, 30.1968]",59.9321,30.1968
20002520,"[59.8944, 30.2642]",59.8944,30.2642
20002521,"[59.9321, 30.1968]",59.9321,30.1968
20002522,"[59.885, 29.8958]",59.885,29.8958
20002523,"[60.7283, 77.5928]",60.7283,77.5928
20002524,"[59.0682965, 76.7220858]",59.0682965,76.7220858
20002525,"[58.9285, 81.5715]",58.9285,81.5715
20002526,"[53.5204703, 59.95178111781888]",53.5204703,59.95178111781888
20002527,"[61.26223505, 73.44375126029084]",61.26223505,73.44375126029084
20002528,"[61.26223505, 73.44375126029084]",61.26223505,73.44375126029084
20002529,"[58.2789336, 47.9559118]",58.2789336,47.9559118
20002531,"[59.9321, 30.1968]",59.9321,30.1968
20002532,"[54.3408, 73.2098]",54.3408,73.2098
20002533,"[59.8944, 30.2642]",59.8944,30.2642
20002534,"[59.9321, 30.1968]",59.9321,30.1968
20002535,"[59.9321, 30.1968]",59.9321,30.1968
20002536,"[59.8944, 30.2642]",59.8944,30.2642
20002537,"[59.9321, 30.1968]",59.9321,30.1968
20002538,"[59.9321, 30.1968]",59.9321,30.1968
20002539,"[59.9321, 30.1968]",59.9321,30.1968
20002540,"[59.9321, 30.1968]",59.9321,30.1968
20002541,"[59.8944, 30.2642]",59.8944,30.2642
20002542,"[59.7513, 30.4766]",59.7513,30.4766
20002543,"[59.9321, 30.1968]",59.9321,30.1968
20002544,"[59.8944, 30.2642]",59.8944,30.2642
20002545,"[59.9321, 30.1968]",59.9321,30.1968
20002546,"[59.8944, 30.2642]",59.8944,30.2642
20002547,"[54.6306344, 22.5928863]",54.6306344,22.5928863
20002548,"[55.752, 37.615]",55.752,37.615
20002549,"[59.8944, 30.2642]",59.8944,30.2642
20002550,"[60.1256, 29.8764]",60.1256,29.8764
20002551,"[59.8944, 30.2642]",59.8944,30.2642
20002552,"[57.1, 65.76]",57.1,65.76
20002553,"[56.4464, 58.9183]",56.4464,58.9183
20002554,"[59.9321, 30.1968]",59.9321,30.1968
20002555,"[61.0042, 69.0019]",61.0042,69.0019
20002556,"[61.0042, 69.0019]",61.0042,69.0019
20002557,"[56.1594, 38.9068]",56.1594,38.9068
20002558,"[59.8944, 30.2642]",59.8944,30.2642
20002559,"[56.1594, 38.9068]",56.1594,38.9068
20002560,"[55.7522, 37.6156]",55.7522,37.6156
20002561,"[55.7522, 37.6156]",55.7522,37.6156
20002562,"[54.3408, 73.2098]",54.3408,73.2098
20002563,"[54.3408, 73.2098]",54.3408,73.2098
20002564,"[54.3408, 73.2098]",54.3408,73.2098
20002565,"[50.79, 59.25]",50.79,59.25
20002566,"[46.34, 48.04]",46.34,48.04
20002567,"[44.7839, 44.1658]",44.7839,44.1658
20002568,"[60.7283, 77.5928]",60.7283,77.5928
20002573,"[59.7513, 30.4766]",59.7513,30.4766
20002574,"[57.1522, 65.5272]",57.1522,65.5272
20002575,"[43.545, 40.095]",43.545,40.095
20002576,"[56.5, 84.9667]",56.5,84.9667
20002578,"[47.3989, 39.8308]",47.3989,39.8308
20002579,"[46.5564, 39.6386]",46.5564,39.6386
20002580,"[48.9253, 40.2797]",48.9253,40.2797
20002581,"[57.1, 65.76]",57.1,65.76
20002582,"[44.8356623, -0.5672898]",44.8356623,-0.5672898
20002583,"[47.2364, 39.7139]",47.2364,39.7139
20002584,"[57.829, 56.197]",57.829,56.197
20002585,"[53.3267225, 50.3051858]",53.3267225,50.3051858
20002588,"[46.3731925, 40.55161039326762]",46.3731925,40.55161039326762
20002589,"[53.96434575000001, 40.69339671940287]",53.96434575000001,40.69339671940287
20002590,"[54.4382773, 35.5272854]",54.4382773,35.5272854
20002593,"[52.00428095, 47.80347672191216]",52.00428095,47.80347672191216
20002598,"[68.9717, 33.0819]",68.9717,33.0819
20002599,"[51.0345463, 36.7324649]",51.0345463,36.7324649
20002603,"[66.6247, 72.9228]",66.6247,72.9228
20002604,"[60.9333, 76.5667]",60.9333,76.5667
20002608,"[67.4667, 78.7]",67.4667,78.7
20002609,"[52.3445327, 84.4583842]",52.3445327,84.4583842
20002613,"[61.05, 76.1]",61.05,76.1
20002614,"[61.1665511, 75.9735438]",61.1665511,75.9735438
20002618,"[56.5053, 42.2187]",56.5053,42.2187
20002619,"[53.8756, 34.4215]",53.8756,34.4215
20002620,"[54.2433, 34.3828]",54.2433,34.3828
20002623,"[57.1522, 65.5272]",57.1522,65.5272
20002628,"[57.1, 65.76]",57.1,65.76
20002629,"[57.1522, 65.5272]",57.1522,65.5272
20002630,"[59.9321, 30.1968]",59.9321,30.1968
20002633,"[62.5206, 65.5964]",62.5206,65.5964
20002636,"[59.9321, 30.1968]",59.9321,30.1968
20002638,"[51.0345463, 36.7324649]",51.0345463,36.7324649
20002639,"[59.8283001, 70.9924373]",59.8283001,70.9924373
20002640,"[50.45957775, 40.20412063680699]",50.45957775,40.20412063680699
20002641,"[53.3267225, 50.3051858]",53.3267225,50.3051858
20002642,"[50.45957775, 40.20412063680699]",50.45957775,40.20412063680699
20002643,"[58.3954353, 80.493831561174]",58.3954353,80.493831561174
20002644,"[58.3954353, 80.493831561174]",58.3954353,80.493831561174
20002645,"[61.0356932, 69.04685758685702]",61.0356932,69.04685758685702
20002646,"[60.6333, 28.1833]",60.6333,28.1833
20002648,"[56.9, 74.3667]",56.9,74.3667
20002649,"[56.5, 84.9667]",56.5,84.9667
20002650,"[58.5811, 50.5389]",58.5811,50.5389
20002651,"[58.5811, 50.5389]",58.5811,50.5389
20002652,"[56.7833, 54.15]",56.7833,54.15
20002653,"[55.4503, 78.3164]",55.4503,78.3164
20002654,"[55.6286, 37.8469]",55.6286,37.8469
20002655,"[55.3333, 86.0833]",55.3333,86.0833
20002656,"[54.41, 71.95]",54.41,71.95
20002657,"[57.1, 65.76]",57.1,65.76
20002658,"[55.0411, 82.9344]",55.0411,82.9344
20002659,"[56.8263, 60.5388]",56.8263,60.5388
20002660,"[55.9372, 37.5153]",55.9372,37.5153
20002661,"[57.3381, 47.875]",57.3381,47.875
20002662,"[45.1877, 38.6596]",45.1877,38.6596
20002663,"[59.9321, 30.1968]",59.9321,30.1968
20002668,"[43.1160364, 131.9388284]",43.1160364,131.9388284
20002673,"[66.0833, 76.6333]",66.0833,76.6333
20002683,"[60.1247, 64.7758]",60.1247,64.7758
20002684,"[66.0833, 76.6333]",66.0833,76.6333
20002688,"[56.2389, 43.4631]",56.2389,43.4631
20002696,"[56.5053, 42.2187]",56.5053,42.2187
20002698,"[57.1, 65.76]",57.1,65.76
20002703,"[56.7658, 105.6483]",56.7658,105.6483
20002708,"[61.2412, 77.4858]",61.2412,77.4858
20002709,"[67.5624408, 33.4281027]",67.5624408,33.4281027
20002713,"[60.9339411, 76.5814274]",60.9339411,76.5814274
20002718,"[66.8811, 79.4907]",66.8811,79.4907
20002723,"[25.195348682352943, 86.98009136470588]",25.195348682352943,86.98009136470588
20002728,"[61.26669255, 73.27227127135393]",61.26669255,73.27227127135393
20002739,"[60.7283, 77.5928]",60.7283,77.5928
20002740,"[50.2833, 43.95]",50.2833,43.95
20002743,"[59.9936, 29.7736]",59.9936,29.7736
20002744,"[53.8756, 34.4215]",53.8756,34.4215
20002745,"[56.5053, 42.2187]",56.5053,42.2187
20002746,"[50.79, 59.25]",50.79,59.25
20002747,"[57.801, 37.3042]",57.801,37.3042
20002748,"[67.4667, 78.7]",67.4667,78.7
20002753,"[67.6426, 36.1399]",67.6426,36.1399
20002754,"[61.7849, 34.3469]",61.7849,34.3469
20002755,"[54.2433, 34.3828]",54.2433,34.3828
20002756,"[47.2364, 39.7139]",47.2364,39.7139
20002757,"[48.9253, 40.2797]",48.9253,40.2797
20002758,"[46.5564, 39.6386]",46.5564,39.6386
20002759,"[46.0433, 38.1764]",46.0433,38.1764
20002760,"[44.8928, 44.0878]",44.8928,44.0878
20002761,"[47.3989, 39.8308]",47.3989,39.8308
20002762,"[46.34, 48.04]",46.34,48.04
20002763,"[54.3882, 42.0768]",54.3882,42.0768
20002764,"[57.829, 56.197]",57.829,56.197
20002768,"[66.0833, 76.6333]",66.0833,76.6333
20002773,"[21.9582944, 76.1547506]",21.9582944,76.1547506
20002778,"[69.56905979999999, 88.31246256290044]",69.56905979999999,88.31246256290044
20002783,"[59.8085944, 30.5771454]",59.8085944,30.5771454
20002784,"[59.8085944, 30.5771454]",59.8085944,30.5771454
20002785,"[60.7499, 72.8582]",60.7499,72.8582
20002786,"[68.9717, 33.0819]",68.9717,33.0819
20002788,"[56.5, 84.9667]",56.5,84.9667
20002789,"[59.550491550000004, 30.18786031537801]",59.550491550000004,30.18786031537801
20002790,"[61.2544, 75.2124]",61.2544,75.2124
20002793,"[56.1819, 41.4764]",56.1819,41.4764
20002794,"[55.3333, 86.0833]",55.3333,86.0833
20002795,"[56.399, 92.4783]",56.399,92.4783
20002796,"[61.2412, 77.4858]",61.2412,77.4858
20002797,"[56.3287, 44.002]",56.3287,44.002
20002798,"[55.0411, 82.9344]",55.0411,82.9344
20002799,"[55.1544, 61.4297]",55.1544,61.4297
20002800,"[58.5811, 50.5389]",58.5811,50.5389
20002801,"[54.3408, 73.2098]",54.3408,73.2098
20002802,"[56.5, 84.9667]",56.5,84.9667
20002803,"[61.05, 76.1]",61.05,76.1
20002804,"[63.79126425, 74.49600960164467]",63.79126425,74.49600960164467
20002805,"[63.1667, 75.6167]",63.1667,75.6167
20002806,"[51.449, 57.0908]",51.449,57.0908
20002807,"[59.95, 30.38]",59.95,30.38
20002808,"[56.399, 92.4783]",56.399,92.4783
20002809,"[56.399, 92.4783]",56.399,92.4783
20002813,"[60.1256, 29.8764]",60.1256,29.8764
20002814,"[51.2253, 58.57]",51.2253,58.57
20002815,"[54.9914, 82.7175]",54.9914,82.7175
20002816,"[64.8433, 170.6133]",64.8433,170.6133
20002818,"[50.61, 36.58]",50.61,36.58
20002823,"[56.1167, 38.8833]",56.1167,38.8833
20002030,"[55.1284, 73.0947]",55.1284,73.0947
20002999,"[58.9197816, 61.8421963]",58.9197816,61.8421963
20002863,"[55.4353, 78.2667]",55.4353,78.2667
20002865,"[57.1522, 65.5272]",57.1522,65.5272
20002874,"[66.8811, 79.4907]",66.8811,79.4907
20002963,"[56.5, 84.9667]",56.5,84.9667
20003053,"[63.1667, 75.6167]",63.1667,75.6167
20002866,"[55.752, 37.615]",55.752,37.615
20003033,"[51.449, 57.0908]",51.449,57.0908
20003009,"[56.5, 84.9667]",56.5,84.9667
20003010,"[61.05, 76.1]",61.05,76.1
20003058,"[63.1667, 75.6167]",63.1667,75.6167
20003064,"[59.9321, 30.1968]",59.9321,30.1968
20003047,"[57.1522, 65.5272]",57.1522,65.5272
20002130,"[60.1256, 29.8764]",60.1256,29.8764
20003046,"[68.9717, 33.0819]",68.9717,33.0819
20002878,"[60.0922, 30.2368]",60.0922,30.2368
20003073,"[65.9444, 57.4519]",65.9444,57.4519
20003000,"[56.8575, 60.6125]",56.8575,60.6125
20003054,"[66.6674278, 66.3806982]",66.6674278,66.3806982
20003040,"[44.591423750000004, 33.48306965066813]",44.591423750000004,33.48306965066813
20003023,"[55.9606, 38.0456]",55.9606,38.0456
20003111,"[60.1256, 29.8764]",60.1256,29.8764
20003170,"[61.2412, 77.4858]",61.2412,77.4858
20002873,"[66.6674278, 66.3806982]",66.6674278,66.3806982
20003075,"[59.0682965, 76.7220858]",59.0682965,76.7220858
20003076,"[58.9285, 81.5715]",58.9285,81.5715
20003077,"[53.5204703, 59.95178111781888]",53.5204703,59.95178111781888
20003078,"[69.56905979999999, 88.31246256290044]",69.56905979999999,88.31246256290044
20003079,"[66.8811, 79.4907]",66.8811,79.4907
20003083,"[60.1022, 30.2131]",60.1022,30.2131
20003084,"[54.6197, 39.74]",54.6197,39.74
20003085,"[56.8619, 35.8931]",56.8619,35.8931
20003086,"[54.3333, 48.4]",54.3333,48.4
20003087,"[55.9691, 38.1461]",55.9691,38.1461
20003088,"[51.4057, 128.1216]",51.4057,128.1216
20003089,"[50.6254, 137.3994]",50.6254,137.3994
20003090,"[48.27, 46.17]",48.27,46.17
20003091,"[52.0296, 59.2254]",52.0296,59.2254
20003092,"[51.3686, 42.0906]",51.3686,42.0906
20003093,"[56.1667, 39.0833]",56.1667,39.0833
20003094,"[44.9297, 38.0408]",44.9297,38.0408
20003095,"[52.6186, 39.5689]",52.6186,39.5689
20003098,"[52.8481, 42.4104]",52.8481,42.4104
20003099,"[47.2214, 38.9094]",47.2214,38.9094
20003100,"[51.5, 46.1167]",51.5,46.1167
20003101,"[51.449, 57.0908]",51.449,57.0908
20003102,"[51.2253, 58.57]",51.2253,58.57
20003103,"[59.6873, 30.3405]",59.6873,30.3405
20003104,"[54.1833, 45.1833]",54.1833,45.1833
20003105,"[53.0283, 32.1919]",53.0283,32.1919
20003106,"[58.1167, 28.4333]",58.1167,28.4333
20003109,"[68.0544447, 39.5129384]",68.0544447,39.5129384
20003110,"[60.755116, 72.839981]",60.755116,72.839981
20003112,"[44.591423750000004, 33.48306965066813]",44.591423750000004,33.48306965066813
20003114,"[55.4353, 78.2667]",55.4353,78.2667
20003118,"[57.1522, 65.5272]",57.1522,65.5272
20003119,"[59.885, 29.8958]",59.885,29.8958
20003123,"[61.26223505, 73.44375126029084]",61.26223505,73.44375126029084
20003124,"[61.26223505, 73.44375126029084]",61.26223505,73.44375126029084
20003125,"[58.2789336, 47.9559118]",58.2789336,47.9559118
20003126,"[60.7283, 77.5928]",60.7283,77.5928
20003127,"[60.7283, 77.5928]",60.7283,77.5928
20003128,"[65.5277567, 72.5368799]",65.5277567,72.5368799
20003129,"[69.56905979999999, 88.31246256290044]",69.56905979999999,88.31246256290044
20003133,"[54.7065, 20.511]",54.7065,20.511
20003143,"[73.5069, 80.5464]",73.5069,80.5464
20003148,"[56.7564891, 61.7693309]",56.7564891,61.7693309
20003153,"[51.449, 57.0908]",51.449,57.0908
20003154,"[51.449, 57.0908]",51.449,57.0908
20003155,"[66.0833, 76.6333]",66.0833,76.6333
20003158,"[56.7992204, 36.7478118]",56.7992204,36.7478118
20003163,"[66.0833, 76.6333]",66.0833,76.6333
20003168,"[55.7522, 37.6156]",55.7522,37.6156
20003169,"[62.5206, 65.5964]",62.5206,65.5964
20003173,"[56.7658, 105.6483]",56.7658,105.6483
20003178,"[61.4921, 63.3594]",61.4921,63.3594
20003179,"[60.02262305, 30.264307885641852]",60.02262305,30.264307885641852
20003180,"[69.56905979999999, 88.31246256290044]",69.56905979999999,88.31246256290044
20003181,"[62.1445646, 65.4349289]",62.1445646,65.4349289
20003182,"[59.5497806, 70.0022944]",59.5497806,70.0022944
20003188,"[58.2918806, 68.3249]",58.2918806,68.3249
20003189,"[59.9415905, 30.4783461]",59.9415905,30.4783461
20003190,"[62.1406, 65.3936]",62.1406,65.3936
20002958,"[59.6, 65.9333]",59.6,65.9333
20001954,"[59.938732, 30.316229]",59.938732,30.316229
20001958,"[59.938732, 30.316229]",59.938732,30.316229
20001299,"[56.3287, 44.002]",56.3287,44.002
20001300,"[56.3287, 44.002]",56.3287,44.002
20002148,"[54.3408, 73.2098]",54.3408,73.2098
20001838,"[44.7239, 37.7708]",44.7239,37.7708
20002678,"[63.1667, 75.6167]",63.1667,75.6167
20002694,"[56.7658, 105.6483]",56.7658,105.6483
20002689,"[55.4353, 78.2667]",55.4353,78.2667
20002679,"[61.0042, 69.0019]",61.0042,69.0019
20002031,"[55.9558, 37.2972]",55.9558,37.2972
20002691,"[51.1133, 59.0831]",51.1133,59.0831
20002692,"[66.53, 66.6019]",66.53,66.6019
20002735,"[60.7283, 77.5928]",60.7283,77.5928
20001959,"[59.938732, 30.316229]",59.938732,30.316229
20002983,"[52.7833, 52.25]",52.7833,52.25
20002695,"[66.8811, 79.4907]",66.8811,79.4907
20002989,"[56.7658, 105.6483]",56.7658,105.6483
20002941,"[59.9321, 30.1968]",59.9321,30.1968
20002074,"[60.1256, 29.8764]",60.1256,29.8764
20002029,"[64.8433, 170.6133]",64.8433,170.6133
20001925,"[59.9321, 30.1968]",59.9321,30.1968
20001585,"[64.8477, 77.4524]",64.8477,77.4524
20002690,"[56.5, 84.9667]",56.5,84.9667
20001949,"[59.938732, 30.316229]",59.938732,30.316229
20001951,"[59.938732, 30.316229]",59.938732,30.316229
20001945,"[59.938732, 30.316229]",59.938732,30.316229
20002737,"[60.7283, 77.5928]",60.7283,77.5928
20002968,"[63.1667, 75.6167]",63.1667,75.6167
20002848,"[48.3539, 41.8261]",48.3539,41.8261
20003038,"[57.1, 65.76]",57.1,65.76
20002959,"[56.5, 84.9667]",56.5,84.9667
20001955,"[59.938732, 30.316229]",59.938732,30.316229
20001953,"[55.29045, 59.1218937]",55.29045,59.1218937
20001948,"[59.938732, 30.316229]",59.938732,30.316229
20001947,"[59.938732, 30.316229]",59.938732,30.316229
20003203,"[63.1667, 75.6167]",63.1667,75.6167
20003184,"[63.1667, 75.6167]",63.1667,75.6167
20003185,"[63.1667, 75.6167]",63.1667,75.6167
