Клиент,Материал,Краткий текст материала,ЕИ,Общее количество,Месяц поставки,Год поставки,Полугодие,Срок поставки,Грузополучатель,Цена,Способ закупки,№ заказа,№ позиции,Дата заказа,ID Лота
39285.0,770000650669,"Кабель ВВГ 3х2,5ок(N,PE)-0,66",КМ,0.4,3,2023,1,2023-03-31,20002019.0,146331.16,Конкурентный отбор,11359469,1320,2022-10-02,1
39285.0,770001426632,"Кабель ВВГ-Пнг(А)-LS 3х1,5ок-0,66",КМ,0.6,3,2023,1,2023-03-31,20002019.0,90771.73,Конкурентный отбор,11359469,1330,2022-10-02,1
69357.0,770000949273,Провод неизолированный АС 120/19,КМ,22.2,4,2023,1,2023-04-29,20002009.0,223424.41,Конкурентный отбор,11360532,4920,2022-10-04,1
69357.0,770000949273,Провод неизолированный АС 120/19,КМ,1.36,4,2023,1,2023-04-29,20002009.0,223424.41,Конкурентный отбор,11360532,4930,2022-10-04,1
69357.0,770000949273,Провод неизолированный АС 120/19,КМ,0.63,4,2023,1,2023-04-29,20002009.0,223424.41,Конкурентный отбор,11360532,4940,2022-10-04,1
50630.0,770001097819,"Кабель ВВГнг(А)-ХЛ 5х95мс(N,PE)-1",КМ,0.05,3,2023,1,2023-03-31,20000734.0,4385053.2,Прочие закупки,11359728,30,2022-10-03,1
50630.0,770001097819,"Кабель ВВГнг(А)-ХЛ 5х95мс(N,PE)-1",КМ,0.2,3,2023,1,2023-03-31,20000734.0,4385053.2,Прочие закупки,11359728,40,2022-10-03,1
50630.0,770001097819,"Кабель ВВГнг(А)-ХЛ 5х95мс(N,PE)-1",КМ,0.2,3,2023,1,2023-03-31,20000734.0,4385053.2,Прочие закупки,11359728,50,2022-10-03,1
50630.0,770001043803,"Кабель ВВГнг(А)-ХЛ 5х50ок(N,PE)-1",КМ,1.0,3,2023,1,2023-03-31,20000734.0,2280150.0,Прочие закупки,11359728,60,2022-10-03,1
50630.0,770001043803,"Кабель ВВГнг(А)-ХЛ 5х50ок(N,PE)-1",КМ,1.328,3,2023,1,2023-03-31,20000734.0,2280150.0,Прочие закупки,11359728,70,2022-10-03,1
64025.0,770000955500,Кабель ДПТ-П-24У (3х8)-15кН,КМ,3.97,3,2023,1,2023-03-31,20002373.0,208318.91,Конкурентный отбор,11361518,30,2022-10-05,1
64025.0,770000955500,Кабель ДПТ-П-24У (3х8)-15кН,КМ,1.956,3,2023,1,2023-03-31,20002373.0,208318.91,Конкурентный отбор,11361519,40,2022-10-05,1
64025.0,770001426328,Кабель ДПС-П-24У (3х8)-16кН,КМ,5.65,3,2023,1,2023-03-31,20002373.0,171636.25,Конкурентный отбор,11361519,50,2022-10-05,1
64025.0,770000955500,Кабель ДПТ-П-24У (3х8)-15кН,КМ,4.52,3,2023,1,2023-03-31,20002373.0,208318.91,Конкурентный отбор,11361540,30,2022-10-05,1
64025.0,770001007976,Провод ТОФЛЕКС ПуГВнг(А)-LS-ХЛ 1х4 (PE),КМ,0.4,4,2023,1,2023-04-27,20002373.0,66050.02,Конкурентный отбор,11362158,230,2022-10-07,1
64025.0,770001103793,"Кабель ЭПОКС-МВВЭзнг(А)-FRLS-ХЛ 2х2х1,0",КМ,2.45,4,2023,1,2023-04-30,20002373.0,1281117.7,Конкурентный отбор,11362158,250,2022-10-07,1
64025.0,770000995321,"Кабель КУИНнг(А)-LS 2х2х1,0 ВЭм-ХЛ-УФ",КМ,5.055,4,2023,1,2023-04-30,20002373.0,1021115.11,Конкурентный отбор,11362158,260,2022-10-07,1
50630.0,770000340149,"Кабель К9РВСБПМнг(А)-HF 3х6ок(N,PE)-1",КМ,1.38,3,2023,1,2023-03-31,20000734.0,362350.56,Прочие закупки,11362261,20,2022-10-07,1
50630.0,770000654728,Кабель РБПнг(А)-HF-ХЛ 5х25-1 HEPR,КМ,0.1,3,2023,1,2023-03-31,20000734.0,1016605.6,Прочие закупки,11362261,30,2022-10-07,1
50630.0,770000654728,Кабель РБПнг(А)-HF-ХЛ 5х25-1 HEPR,КМ,1.7,3,2023,1,2023-03-31,20000734.0,1016605.6,Прочие закупки,11362261,40,2022-10-07,1
50630.0,770000654728,Кабель РБПнг(А)-HF-ХЛ 5х25-1 HEPR,КМ,1.7,3,2023,1,2023-03-31,20000734.0,1016605.6,Прочие закупки,11362261,50,2022-10-07,1
50630.0,770000654728,Кабель РБПнг(А)-HF-ХЛ 5х25-1 HEPR,КМ,0.3,3,2023,1,2023-03-31,20000734.0,1016605.6,Прочие закупки,11362261,60,2022-10-07,1
50630.0,770000654728,Кабель РБПнг(А)-HF-ХЛ 5х25-1 HEPR,КМ,1.7,3,2023,1,2023-03-31,20000734.0,1016605.6,Прочие закупки,11362261,70,2022-10-07,1
50630.0,770000654728,Кабель РБПнг(А)-HF-ХЛ 5х25-1 HEPR,КМ,0.3,3,2023,1,2023-03-31,20000734.0,1016605.6,Прочие закупки,11362261,80,2022-10-07,1
50630.0,770000654728,Кабель РБПнг(А)-HF-ХЛ 5х25-1 HEPR,КМ,0.3,3,2023,1,2023-03-31,20000734.0,1016605.6,Прочие закупки,11362261,90,2022-10-07,1
50630.0,770000654728,Кабель РБПнг(А)-HF-ХЛ 5х25-1 HEPR,КМ,0.3,3,2023,1,2023-03-31,20000734.0,1016605.6,Прочие закупки,11362261,100,2022-10-07,1
50630.0,770000656814,Кабель РБПнг(А)-HF-ХЛ 5х35-1 (HEPR),КМ,1.1,3,2023,1,2023-03-31,20000734.0,1310346.08,Прочие закупки,11362261,110,2022-10-07,1
50630.0,770000656814,Кабель РБПнг(А)-HF-ХЛ 5х35-1 (HEPR),КМ,0.399,3,2023,1,2023-03-31,20000734.0,1310346.08,Прочие закупки,11362261,120,2022-10-07,1
50630.0,770000619995,"Кабель Кабтрон РвПнг(A)-HF 3х6E-0,6/1",КМ,1.0,3,2023,1,2023-03-31,20000734.0,236878.86,Прочие закупки,11362261,140,2022-10-07,1
73273.0,770000675397,"Кабель КВВГЭнг(А)-LS 10х1,5",КМ,5.0,4,2023,1,2023-04-27,20000751.0,275771.41,Конкурентный отбор,11363559,120,2022-10-11,1
73273.0,770000675397,"Кабель КВВГЭнг(А)-LS 10х1,5",КМ,5.0,4,2023,1,2023-04-27,20000751.0,275771.41,Конкурентный отбор,11363559,130,2022-10-11,1
38632.0,770001097799,Провод ПуГВ 1х16,М,300.0,4,2023,1,2023-04-14,20000187.0,369.14,Конкурентный отбор,11363641,60,2022-10-11,1
38632.0,770000455541,Провод ПуГВ 1х6(PE),М,25.0,4,2023,1,2023-04-14,20000187.0,191.72,Конкурентный отбор,11363641,70,2022-10-11,1
27605.0,770001386548,Кабель КПпБП-130 3х35-4кВ,КМ,5.0,3,2023,1,2023-03-31,20001013.0,1161331.78,Прочие закупки,11364208,1000,2022-10-12,1
27605.0,770001386304,Кабель КЭСБП-230 3х16-4 кВ,КМ,50.0,3,2023,1,2023-03-31,20001013.0,1083665.18,Прочие закупки,11364208,1010,2022-10-12,1
27605.0,770001386319,Кабель КЭСБкП-230 3х16-4кВ,КМ,4.0,3,2023,1,2023-03-31,20001013.0,1448829.65,Прочие закупки,11364208,1020,2022-10-12,1
27605.0,770001365773,Кабель КПвПпБП-130-4 3х16,КМ,200.0,3,2023,1,2023-03-31,20001013.0,566329.51,Прочие закупки,11364208,1210,2022-10-12,1
27605.0,770001365778,Кабель КПвПпБП-130-4 3х25,КМ,20.0,3,2023,1,2023-03-31,20001013.0,804436.02,Прочие закупки,11364208,1220,2022-10-12,1
27605.0,770001365773,Кабель КПвПпБП-130-4 3х16,КМ,229.0,4,2023,1,2023-04-07,20001013.0,566329.51,Прочие закупки,11364208,1570,2022-10-12,1
27605.0,770001386304,Кабель КЭСБП-230 3х16-4 кВ,КМ,30.0,4,2023,1,2023-04-07,20001013.0,1084980.0,Прочие закупки,11364208,1580,2022-10-12,1
38632.0,770000208669,"Кабель ВБШвнг(А)-ХЛ 5х6ок(N,PE)-0,66",КМ,0.49,4,2023,1,2023-04-30,20000187.0,563361.78,Конкурентный отбор,11365174,40,2022-10-14,1
27605.0,770000954441,Кабель SRM/E 10-2 CT ETIREX-Chromalox,КМ,0.8,4,2023,1,2023-04-24,20001013.0,1558057.88,Прочие закупки,11365449,30,2022-10-14,1
57650.0,770001429976,"Кабель ИнСил-РэпВнг(А)-LS-ХЛ 5х16мк(N,PE",КМ,1.525,4,2023,1,2023-04-14,20002634.0,1711750.06,Конкурентный отбор,11365672,90,2022-10-16,1
57650.0,770001023496,"Кабель ИнСилРэпПнг(А)HF-ХЛ 4х2,5ок(N)-1",КМ,5.378,4,2023,1,2023-04-14,20002634.0,351034.4,Конкурентный отбор,11365672,100,2022-10-16,1
57650.0,770001095635,Провод неизолированный АС 95/16,КМ,2.276,4,2023,1,2023-04-01,20002634.0,166285.99,Конкурентный отбор,11367180,60,2022-10-19,1
58553.0,770001438532,"Кабель КуПе-ПсОЭфклнг(А)-HF-ХЛ 2х2х0,2л",М,280.0,4,2023,1,2023-04-30,20001393.0,815.88,,11373391,30,2022-10-31,1
39285.0,770001516870,Кабель Hyperline/UUTP4-C5E-S24-IN-LSZH,М,1220.0,7,2023,2,2023-07-11,20002025.0,68.62,,11359563,1500,2022-10-02,2
39285.0,770001485945,Наконечник НШвИ 1.0-10 КВТ/79465,ШТ,100.0,6,2023,1,2023-06-17,20002019.0,3.24,,11359568,870,2022-10-02,2
59.0,770001461640,Кабель нагревательный 45HTS2-CT,М,100.0,7,2023,2,2023-07-15,20000221.0,3120.0,Конкурентный отбор,11361926,6220,2022-10-06,2
59.0,770001461640,Кабель нагревательный 45HTS2-CT,М,300.0,7,2023,2,2023-07-15,20000221.0,3120.0,Конкурентный отбор,11361926,6230,2022-10-06,2
64025.0,770001485532,Кабель КуПе-ОЭмвзнг(А)-FRLS-ХЛ 7х2х1-660,КМ,11.97,7,2023,2,2023-07-02,20002373.0,3926515.91,Конкурентный отбор,11362158,350,2022-10-07,2
24446.0,770001413359,"Кабель КУМП-ОЭзнг(А)-LS 1х2х1,5",КМ,0.171,6,2023,1,2023-06-30,20000128.0,378877.56,,11359916,60,2022-10-03,2
24446.0,770001413407,"Кабель КУМП-ОЭзнг(А)-LS 4х2х1,5",КМ,0.82,6,2023,1,2023-06-30,20000128.0,841064.94,,11359916,70,2022-10-03,2
24446.0,770001356706,"Провод МГ 4 49х0,32 мм2",КМ,0.082,6,2023,1,2023-06-30,20000128.0,137075.23,,11359916,80,2022-10-03,2
24446.0,770000270997,"Кабель КВБбШвнг(А)-LS 4х1,5",КМ,0.615,6,2023,1,2023-06-30,20000128.0,186377.98,,11368758,20,2022-10-21,2
15667.0,770001359960,"Кабель РэпБВнг(А)-LS 3х2,5 (N, РЕ)-0,66",КМ,0.195,3,2023,1,2023-03-09,20002148.0,489644.48,Конкурентный отбор,11360285,100,2022-10-04,3
15667.0,770001359968,"Кабель РэпБВнг(А)-LS 3х1,5 (N, РЕ)-0,66",КМ,0.007,3,2023,1,2023-03-09,20002148.0,371943.52,Конкурентный отбор,11360285,110,2022-10-04,3
15667.0,770001330981,Наконечник ТМЛ 6-6-4,ШТ,201.0,3,2023,1,2023-03-08,20002148.0,13.12,Конкурентный отбор,11360285,120,2022-10-04,3
15667.0,770001358609,"Кабель РэпВнг(А)-LS 3х2,5-0,66",КМ,0.023,3,2023,1,2023-03-09,20002148.0,351887.12,Конкурентный отбор,11360285,160,2022-10-04,3
15667.0,770001358611,"Кабель РэпВнг(А)-LS 3х10-0,66",КМ,0.105,3,2023,1,2023-03-09,20002148.0,906728.86,Конкурентный отбор,11360285,170,2022-10-04,3
15667.0,770001358613,"Кабель РэпВнг(А)-LS 5х6-0,66",КМ,0.105,3,2023,1,2023-03-09,20002148.0,1055161.12,Конкурентный отбор,11360285,180,2022-10-04,3
15667.0,770001358897,"Кабель РэпВнг(А)-LS 5х10-0,66",КМ,0.022,3,2023,1,2023-03-09,20002148.0,1442711.92,Конкурентный отбор,11360285,190,2022-10-04,3
15667.0,770000211348,Наконечник ТМЛ 25-8-7,ШТ,10.0,3,2023,1,2023-03-08,20002148.0,40.43,Конкурентный отбор,11360285,280,2022-10-04,3
15667.0,770001358987,Провод ПуВнг(А)-LS 1х10мм2,КМ,0.009,3,2023,1,2023-03-09,20002148.0,119162.86,Конкурентный отбор,11360285,290,2022-10-04,3
15667.0,770001367245,"Провод ПуВнг(А)-LS 1х2,5мм2",М,9.0,3,2023,1,2023-03-09,20002148.0,29.05,Конкурентный отбор,11361361,50,2022-10-05,3
39285.0,770001148759,"Кабель ОКМТ-НГ(А)-LS-O-1/5Сп-4(2)-1,5 кН",КМ,3.0,2,2023,1,2023-02-09,20002019.0,51767.54,Прочие закупки,11362403,10,2022-10-07,3
64025.0,770000020411,"Кабель КВВГнг(А)-ХЛ 4х1,5",КМ,0.369,2,2023,1,2023-02-15,20002373.0,27899.77,Прочие закупки,11363002,30,2022-10-10,3
64025.0,770000020411,"Кабель КВВГнг(А)-ХЛ 4х1,5",КМ,0.47,2,2023,1,2023-02-15,20002373.0,41750.64,Прочие закупки,11363002,40,2022-10-10,3
15667.0,770000873924,Провод ПуГВнг(А)-LS 1х6 ж-з,КМ,0.005,3,2023,1,2023-03-09,20002148.0,67896.74,Конкурентный отбор,11363695,300,2022-10-11,3
15667.0,770001372816,Наконечник ТМЛ 35-8-9,ШТ,20.0,3,2023,1,2023-03-08,20002148.0,68.99,Конкурентный отбор,11364971,10,2022-10-13,3
15667.0,770001360435,"Кабель РэпБВнг(А)-LS 2х1,5-0,66",КМ,0.002,3,2023,1,2023-03-09,20002148.0,304916.56,Конкурентный отбор,11366391,20,2022-10-18,3
15667.0,770001360437,"Кабель РэпБВнг(А)-FRLS 3х2,5(N,PE)-0,66",КМ,0.19,3,2023,1,2023-03-09,20002148.0,607196.38,Конкурентный отбор,11366391,30,2022-10-18,3
15667.0,770001360439,"Кабель РэпБВнг(А)-FRLS 5х1,5(N,PE)-0,66",КМ,0.003,3,2023,1,2023-03-09,20002148.0,665992.43,Конкурентный отбор,11366391,40,2022-10-18,3
15667.0,770001360441,"Кабель РэпБВнг(А)-FRLS 2х1,5-0,66",КМ,0.005,3,2023,1,2023-03-09,20002148.0,341280.5,Конкурентный отбор,11366391,50,2022-10-18,3
15667.0,770001358611,"Кабель РэпВнг(А)-LS 3х10-0,66",КМ,0.87,3,2023,1,2023-03-09,20002148.0,906728.86,Конкурентный отбор,11366848,100,2022-10-18,3
15667.0,770001374766,"Кабель ВБбШвнг(А)-LS 3х1,5(N,PE)-0,66",КМ,0.009,3,2023,1,2023-03-09,20002148.0,93090.74,Конкурентный отбор,11366848,220,2022-10-18,3
15667.0,770001374775,"Кабель ВБбШвнг(А)-LS 2х1,5(N,PE)-0,66",КМ,0.006,3,2023,1,2023-03-09,20002148.0,127308.48,Конкурентный отбор,11366848,230,2022-10-18,3
15667.0,770001374787,"Кабель ВБбШвнг(А)-FRLS 3х2,5(N,РЕ)-0,66",КМ,0.17,3,2023,1,2023-03-09,20002148.0,348309.18,Конкурентный отбор,11366848,240,2022-10-18,3
15667.0,770001356053,"Кабель ВБбШвнг(А)-LS 3х2,5(N,PE)-0,66",КМ,0.17,3,2023,1,2023-03-09,20002148.0,130731.82,Конкурентный отбор,11366848,250,2022-10-18,3
26250.0,770001302040,"Кабель КГВВнг(А)-LS 5х10(N,PE) 380/660-2",КМ,0.005,2,2023,1,2023-02-16,20002275.0,1289668.0,Конкурентный отбор,11366947,160,2022-10-19,3
15667.0,770001374873,Муфта 1П5СТп - 1 (о.п.),КТ,5.0,3,2023,1,2023-03-08,20002148.0,2810.71,Конкурентный отбор,11370809,60,2022-10-26,3
15667.0,770001380398,"Кабель монтажный Инсил-Бнг(А)-LS 4х1,5",КМ,1.42,3,2023,1,2023-03-09,20002148.0,539463.6,Конкурентный отбор,11370809,110,2022-10-26,3
39285.0,770000118261,"Кабель ВВГнг(А)-ХЛ 3х1,5ок(N,PE)-0,66",КМ,0.125,2,2023,1,2023-02-11,20002019.0,77523.6,Прочие закупки,11365170,10,2022-10-14,3
39285.0,770000017688,"Кабель ВБШвнг(А)-LS 3х2,5ок-0,66",КМ,6.275,2,2023,1,2023-02-11,20002019.0,54919.26,Прочие закупки,11365170,20,2022-10-14,3
39285.0,770000145242,"Кабель ВВГнг(А)-ХЛ 4х1,5 ок(N)-0,66",КМ,0.11,2,2023,1,2023-02-11,20002019.0,48437.26,Прочие закупки,11365170,30,2022-10-14,3
39285.0,770000354162,"Кабель ВВГнг(А)-ХЛ 4х1,5ок(N)-0,66",КМ,0.27,2,2023,1,2023-02-11,20002019.0,102656.75,Прочие закупки,11365170,40,2022-10-14,3
39285.0,770000398412,"Кабель ВВГнг(А) 4х1,5ок(N)-0,66",КМ,1.283,2,2023,1,2023-02-11,20002019.0,36798.96,Прочие закупки,11365170,50,2022-10-14,3
39285.0,770000145242,"Кабель ВВГнг(А)-ХЛ 4х1,5 ок(N)-0,66",КМ,0.275,2,2023,1,2023-02-11,20002019.0,63375.34,Прочие закупки,11365171,10,2022-10-14,3
27605.0,770000707585,"Кабель КВВГнг(А)-LS 19х1,5",КМ,9.158,3,2023,1,2023-03-01,20001013.0,287996.64,Прочие закупки,11365484,20,2022-10-14,3
64025.0,770000807907,"Кабель ВБШвнг(А)-ХЛ 2х6ок(N)-0,66",КМ,0.257,2,2023,1,2023-02-25,20002373.0,130728.0,Прочие закупки,11366260,20,2022-10-17,3
64025.0,770000881205,"Кабель ВБШвнг(А)-ХЛ 2х6ок(N)-0,66",КМ,0.051,2,2023,1,2023-02-25,20002373.0,267174.38,Прочие закупки,11366260,30,2022-10-17,3
64025.0,770000717414,"Кабель К9РВСБПМнг(А)-HF 3х2,5ок(N,PE)-1",КМ,0.137,2,2023,1,2023-02-25,20002373.0,145596.98,Прочие закупки,11366594,20,2022-10-18,3
64025.0,770000914739,"Кабель ВБШв 2х6ок(N)-0,66",КМ,0.927,2,2023,1,2023-02-25,20002373.0,151676.24,Прочие закупки,11367589,20,2022-10-20,3
64025.0,770000495331,"Кабель ВБШвнг(А)-ХЛ 5х6ок(N,PE)-0,66",КМ,0.8,3,2023,1,2023-03-03,20002373.0,364585.2,Прочие закупки,11367662,80,2022-10-20,3
27605.0,770000115022,"Кабель КВВГнг(А)-LS 4х1,5",КМ,1.18,3,2023,1,2023-03-01,20001013.0,40560.0,Прочие закупки,11368501,40,2022-10-21,3
75006.0,770001010333,Кабель Grandeks/24-2CR UF,М,40.0,2,2023,1,2023-02-23,20000974.0,260.0,,11370388,90,2022-10-26,3
27605.0,770000767061,Наконечник 35-12-9-М-УХЛ3,ШТ,30.0,2,2023,1,2023-02-11,20000770.0,72.0,,11369488,20,2022-10-24,3
27605.0,770001377236,Кабель SRL24-2 Fine Korea,М,115.0,2,2023,1,2023-02-22,20000770.0,116.4,,11369537,20,2022-10-24,3
66923.0,770001336877,Муфта 3ПКТп-6-70/120(Б) КВТ/65515,КТ,15.0,2,2023,1,2023-02-18,20000973.0,3758.4,,11373218,230,2022-10-31,3
57650.0,770000495331,"Кабель ВБШвнг(А)-ХЛ 5х6ок(N,PE)-0,66",КМ,1.665,2,2023,1,2023-02-24,20002634.0,364585.2,Прочие закупки,11367217,20,2022-10-19,3
57650.0,770001043677,"Кабель ВБШвнг(А)-ХЛ 5х10ок(N,PE)-0,66",КМ,0.494,3,2023,1,2023-03-09,20002634.0,546099.6,Прочие закупки,11369095,20,2022-10-24,3
27645.0,770000737032,"Кабель ВВГнг(А)-FRLS 3х2,5-0,66",М,40.0,2,2023,1,2023-02-18,20000514.0,85.0,,11366790,90,2022-10-18,3
37846.0,770000932355,КабельParLan ParLan U/UTP Cat5e PUR 4х2,КМ,17.08,2,2023,1,2023-02-18,20002241.0,151660.0,Конкурентный отбор,11368408,10,2022-10-21,3
37846.0,770000953451,Кабель ParLan compact ARM Паритет/120164,КМ,10.675,2,2023,1,2023-02-18,20002241.0,687602.66,Конкурентный отбор,11368408,20,2022-10-21,3
37846.0,770001306781,Кабель ParLan ARM PS F/UTP Cat6 PE,КМ,0.14,2,2023,1,2023-02-18,20002241.0,208284.67,Конкурентный отбор,11368408,30,2022-10-21,3
78154.0,770001003138,Кабель ВБШнг(А)-LS 5х150-1,КМ,0.41,2,2023,1,2023-02-28,20001078.0,1.2,,11372673,40,2022-10-28,3
78154.0,770000395095,"Кабель ВБбШвнг(А)-LS 5х120мс(N,PE)-1",КМ,0.9,2,2023,1,2023-02-28,20001078.0,1.2,,11372673,50,2022-10-28,3
78154.0,770001170989,"Кабель ВБбШвнг(А)-LS 5х95мс(N,PE)-1",КМ,0.52,2,2023,1,2023-02-28,20001078.0,1.2,,11372673,60,2022-10-28,3
78154.0,770000007183,"Кабель ВБШвнг(А)-LS 5х70мс(N,PE)-1",КМ,1.03,2,2023,1,2023-02-28,20001078.0,1.2,,11372673,70,2022-10-28,3
78154.0,770000168350,"Кабель ВБШвнг(А)-LS 5х50мс(N,PE)-1",КМ,1.93,2,2023,1,2023-02-28,20001078.0,1.2,,11372673,80,2022-10-28,3
78154.0,770001372580,"Кабель ВБШвнг(А)-LS 5х35мс(N,PE)-1",КМ,0.99,2,2023,1,2023-02-28,20001078.0,1.2,,11372673,90,2022-10-28,3
78154.0,770000121394,"Кабель ВБШвнг(А)-LS 5х25мс(N,PE)-1",КМ,1.24,2,2023,1,2023-02-28,20001078.0,1.2,,11372673,100,2022-10-28,3
78154.0,770000992204,Муфта 5ПКВ(Н)Тпб-1 70-120 ЗЭТА/zeta23357,КТ,29.0,2,2023,1,2023-02-28,20001078.0,1.2,,11372673,110,2022-10-28,3
78154.0,770000907227,Муфта концевая 5ПКНтпнг-LS-1-(150-240)гЭ,КТ,1.0,2,2023,1,2023-02-28,20001078.0,1.2,,11372673,120,2022-10-28,3
78154.0,770000869729,Муфта концевая 5ПКТп-1-25/50 нг-LS,КТ,18.0,2,2023,1,2023-02-28,20001078.0,1.2,,11372673,130,2022-10-28,3
78154.0,770001340436,Муфта 5ПКТп-1-150/240(Б) нг-LS КВТ/65542,КТ,1.0,2,2023,1,2023-02-28,20001078.0,1.2,,11372673,140,2022-10-28,3
78154.0,770000509139,Муфта кабельная 5ПСтпнг-LS-1-(70-120)гЭМ,КТ,2.0,2,2023,1,2023-02-28,20001078.0,1.2,,11372673,150,2022-10-28,3
78154.0,770001116888,Муфта 5ПКТп-1-25/50 нг-LS КВТ/65536,КТ,4.0,2,2023,1,2023-02-28,20001078.0,1.2,,11372673,160,2022-10-28,3
78154.0,770000851931,Наконечник ТМЛ 150-12-19 КВТ,ШТ,5.0,2,2023,1,2023-02-28,20001078.0,1.2,,11372673,170,2022-10-28,3
78154.0,770000707863,Наконечник ТМЛ 95-10 IEK/UNP41-095-10-15,ШТ,10.0,2,2023,1,2023-02-28,20001078.0,1.2,,11372673,180,2022-10-28,3
78154.0,770000734350,Наконечник ТМЛ 70-10-13 EKF/tml-70-10-13,ШТ,15.0,2,2023,1,2023-02-28,20001078.0,1.2,,11372673,190,2022-10-28,3
78154.0,770000357516,Наконечник ТМЛ 50-10-11 КВТ,ШТ,30.0,2,2023,1,2023-02-28,20001078.0,1.2,,11372673,200,2022-10-28,3
78154.0,770000941391,Наконечник ТМЛ 35-10-9 КВТ/40884,ШТ,20.0,2,2023,1,2023-02-28,20001078.0,1.2,,11372673,210,2022-10-28,3
78154.0,770000887691,Наконечник ТМЛ 10-8-5,ШТ,40.0,2,2023,1,2023-02-28,20001078.0,1.2,,11372673,220,2022-10-28,3
78154.0,770001066882,Наконечник НКИ(н) 10-8 КВТ/61774,ШТ,210.0,2,2023,1,2023-02-28,20001078.0,1.2,,11372673,230,2022-10-28,3
78154.0,770000130152,"Провод ПуГВ-У 1х10-0,66",КМ,0.05,2,2023,1,2023-02-28,20001078.0,1.2,,11372673,320,2022-10-28,3
38632.0,770001380399,"Кабель ВВГнг(А)-LS 3х1,5ок(N,PE)-0,66",КМ,150.0,2,2023,1,2023-02-27,38632.0,75.6,,11372867,20,2022-10-30,3
38632.0,770001077359,"Кабель ВВГ-Пнг(А)-LS 3х2,5ок(N,PE)-0,66",КМ,50.0,2,2023,1,2023-02-27,38632.0,103.2,,11372867,30,2022-10-30,3
15667.0,770000980811,Наконечник ТМЛ 6-5-4,УП,0.04,2,2023,1,2023-02-16,20002148.0,1316.22,Конкурентный отбор,11360285,270,2022-10-04,4
15667.0,770001042440,Провод ПуГВ 1х6,М,43.0,1,2023,1,2023-01-31,20002148.0,1.2,,11360539,80,2022-10-04,4
39285.0,770001426633,"Кабель КВВГЭнг(А) 27х1,5",КМ,0.8,1,2023,1,2023-01-28,20002021.0,622187.08,Конкурентный отбор,11363209,40,2022-10-10,4
15667.0,770000796122,"Провод ПуГВнг(А)-LS 1х2,5",М,64.0,1,2023,1,2023-01-31,20002148.0,1.2,,11363425,30,2022-10-11,4
15667.0,770000988968,Муфта соединительная 5х16/25-1кВ,ШТ,3.0,2,2023,1,2023-02-16,20002148.0,1999.94,Конкурентный отбор,11363695,60,2022-10-11,4
55218.0,770000569416,Кабель гибкий КГ-ХЛ 1х35,КМ,0.03,2,2023,1,2023-02-08,20001834.0,1750320.0,Конкурентный отбор,11363729,100,2022-10-11,4
64025.0,770001404058,Кабель РБПнг(А)-HF-ХЛ 4х240мк(N)-1,КМ,2.04,1,2023,1,2023-01-21,20002373.0,16493287.02,Конкурентный отбор,11365286,60,2022-10-14,4
66923.0,770001370242,Муфта 3КВТп-10-70-120,КТ,3.0,2,2023,1,2023-02-07,20000973.0,3948.0,,11367761,20,2022-10-20,4
66923.0,770001370253,Муфта 3КНТпН-10-150-240,КТ,2.0,2,2023,1,2023-02-07,20000973.0,5556.0,,11367761,30,2022-10-20,4
27605.0,770000767061,Наконечник 35-12-9-М-УХЛ3,ШТ,10.0,1,2023,1,2023-01-19,20000770.0,72.0,,11368590,50,2022-10-21,4
15667.0,770001378305,Гильза кабельная 150-УХЛ3,ШТ,2.0,1,2023,1,2023-01-31,20002148.0,1.2,,11370809,90,2022-10-26,4
15667.0,1154222,Гильза кабельная 240-УХЛ3,ШТ,2.0,1,2023,1,2023-01-31,20002148.0,1.2,,11370809,100,2022-10-26,4
24446.0,770000904137,Наконечник КВТ/40832,ШТ,13.0,1,2023,1,2023-01-31,20000128.0,39.14,,11361183,660,2022-10-05,4
69357.0,770001532977,"Кабель КУМВЭаВнг(А)-FRLS-ХЛ 5х1,5",М,545.0,5,2023,1,2023-05-31,20002009.0,853.28,Конкурентный отбор,11360532,7560,2022-10-04,5
69357.0,770001532139,Кабель КУМВЭаКВнг(А)-LS-ХЛ 4х1,КМ,0.228,5,2023,1,2023-05-31,20002009.0,782991.71,Конкурентный отбор,11360532,7610,2022-10-04,5
69357.0,770001532152,Кабель КУМВЭаКВнг(А)-LS-ХЛ 2х2х1,КМ,1.037,5,2023,1,2023-05-31,20002009.0,1064810.04,Конкурентный отбор,11360532,7620,2022-10-04,5
69357.0,770001532161,Кабель КУМВЭаВнг(А)-FRLS-ХЛ 2х2х1,КМ,0.99,5,2023,1,2023-05-31,20002009.0,944031.49,Конкурентный отбор,11360532,7630,2022-10-04,5
69357.0,770001532174,Кабель КУМВЭаВнг(А)-LS-ХЛ 4х2х1,КМ,0.385,5,2023,1,2023-05-31,20002009.0,838039.02,Конкурентный отбор,11360532,7640,2022-10-04,5
69357.0,770001532345,Кабель КУМВЭаВнг(А)-LS-ХЛ 3х2х1,КМ,0.42,5,2023,1,2023-05-31,20002009.0,680295.78,Конкурентный отбор,11360532,7650,2022-10-04,5
69357.0,770001532373,Кабель КУВВЭфзнг(А)-LS-ХЛ 7х1-500,КМ,0.23,5,2023,1,2023-05-31,20002009.0,891481.74,Конкурентный отбор,11360532,7660,2022-10-04,5
69357.0,770001532352,Кабель КУМВЭаКВнг(А)-LS-ХЛ 5х1,КМ,0.255,5,2023,1,2023-05-31,20002009.0,819915.8,Конкурентный отбор,11360532,7670,2022-10-04,5
69357.0,770001532377,Кабель КУВВЭфзнг(А)-LS-ХЛ 5х1-500,КМ,0.095,5,2023,1,2023-05-31,20002009.0,677422.14,Конкурентный отбор,11360532,7680,2022-10-04,5
69357.0,770001531923,"Кабель НВПЭ 4х2х0,52 5е 200В",КМ,0.08,5,2023,1,2023-05-31,20002009.0,66578.47,Конкурентный отбор,11360532,7690,2022-10-04,5
69357.0,770001532359,"Кабель NED-Plagum Внг(А)-HF-ХЛ 5х6окN,PE",КМ,0.055,5,2023,1,2023-05-31,20002009.0,2197474.74,Конкурентный отбор,11360532,7700,2022-10-04,5
69357.0,770001532360,"Кабель NED-Plagum Внг(А)-HF-ХЛ 5х4окN,PE",КМ,0.02,5,2023,1,2023-05-31,20002009.0,3936201.04,Конкурентный отбор,11360532,7710,2022-10-04,5
69357.0,770001532362,Кабель КУМВЭаКВнг(А)-LS-ХЛ 1х2х1,КМ,0.019,5,2023,1,2023-05-31,20002009.0,1430264.58,Конкурентный отбор,11360532,7720,2022-10-04,5
69357.0,770001558099,"Кабель КВВГЭнг(А)-LS-ХЛ 4х1,5",КМ,0.03,5,2023,1,2023-05-31,20002009.0,207408.98,Конкурентный отбор,11360532,7850,2022-10-04,5
69357.0,770000128214,Провод СИП-3 1х95-20,КМ,0.26,5,2023,1,2023-05-31,20002009.0,122894.4,Конкурентный отбор,11360532,7960,2022-10-04,5
69357.0,770001480434,Кабель ККГ-ХЛ 1х25 220/380-2,КМ,0.2,6,2023,1,2023-06-29,20002009.0,835861.44,Конкурентный отбор,11366329,8120,2022-10-18,5
39295.0,770000570819,"Кабель КВБбШвнг(А)-ХЛ 5х1,5",КМ,1.0,6,2023,1,2023-06-28,20000447.0,183734.92,Конкурентный отбор,11362320,190,2022-10-07,5
64025.0,770001489251,Кабель ВБШвнг(А)-LS-ХЛ 1х16мк-1кВ,КМ,0.11,5,2023,1,2023-05-31,20002373.0,375706.49,Конкурентный отбор,11370270,240,2022-10-25,5
64025.0,770000136533,Провод СИП-3 1х95-20,КМ,0.85,5,2023,1,2023-05-31,20002373.0,189053.12,Конкурентный отбор,11370340,30,2022-10-25,5
64025.0,770001223463,"Кабель К9РВСБПМнг(А)-HF 5х4ок(N,PE)-1",КМ,0.4,5,2023,1,2023-05-31,20002373.0,993854.32,Конкурентный отбор,11370341,40,2022-10-25,5
64025.0,770000873417,"Кабель К9РВСБПМнг(А)-HF 4х2,5ок(N)-1",КМ,0.2,6,2023,1,2023-06-30,20002373.0,812529.22,Конкурентный отбор,11371674,230,2022-10-27,5
64025.0,770000875301,"КабельИнСилРэпБПнг(А)HF-ХЛ 5х35мк(N,PE-1",КМ,0.2,6,2023,1,2023-06-30,20002373.0,4817752.81,Конкурентный отбор,11371674,240,2022-10-27,5
64025.0,770000875301,"КабельИнСилРэпБПнг(А)HF-ХЛ 5х35мк(N,PE-1",КМ,0.2,6,2023,1,2023-06-30,20002373.0,4817752.81,Конкурентный отбор,11371674,250,2022-10-27,5
64025.0,770000875301,"КабельИнСилРэпБПнг(А)HF-ХЛ 5х35мк(N,PE-1",КМ,0.2,6,2023,1,2023-06-30,20002373.0,4817752.81,Конкурентный отбор,11371674,260,2022-10-27,5
64025.0,770000873417,"Кабель К9РВСБПМнг(А)-HF 4х2,5ок(N)-1",КМ,0.2,6,2023,1,2023-06-30,20002373.0,812529.22,Конкурентный отбор,11371674,270,2022-10-27,5
64025.0,770001474084,"Кабель КуПе-ОЭлзнг(А)-LS-ХЛ 4х2,5л-660В",КМ,0.12,5,2023,1,2023-05-31,20002373.0,1022404.98,Конкурентный отбор,11371674,280,2022-10-27,5
64025.0,770001474085,"Кабель КуПе-ОЭлКнг(А)-LS-ХЛ 4х2х2,5-660В",КМ,0.1,5,2023,1,2023-05-31,20002373.0,2245353.6,Конкурентный отбор,11371840,90,2022-10-27,5
64025.0,770001474085,"Кабель КуПе-ОЭлКнг(А)-LS-ХЛ 4х2х2,5-660В",КМ,0.17,5,2023,1,2023-05-31,20002373.0,2245353.6,Конкурентный отбор,11372273,190,2022-10-28,5
69357.0,770001532406,Провод СИП-3 1х120-20,КМ,3.057,5,2023,1,2023-05-31,20002009.0,201829.75,Конкурентный отбор,11371719,200,2022-10-27,5
69357.0,770001532406,Провод СИП-3 1х120-20,КМ,0.259,5,2023,1,2023-05-31,20002009.0,201829.75,Конкурентный отбор,11371719,210,2022-10-27,5
69357.0,770001531969,Кабель КУМВЭаВнг(А)-LS-ХЛ 6х2х1,КМ,4.33,12,2023,2,2023-12-31,20002009.0,1117551.42,Конкурентный отбор,11360532,7580,2022-10-04,6
69357.0,770001531973,Кабель КУМВЭаВнг(А)-LS-ХЛ 7х2х1,КМ,3.78,12,2023,2,2023-12-31,20002009.0,1310912.8,Конкурентный отбор,11360532,7590,2022-10-04,6
69357.0,770001532057,Кабель NED-Plagum Внг(А)-HF-ХЛ 4х4окPE-1,КМ,4.92,12,2023,2,2023-12-31,20002009.0,852344.0,Конкурентный отбор,11360532,7600,2022-10-04,6
69357.0,770001531951,Кабель КУМВЭаВнг(А)-LS-ХЛ 2х2х1,КМ,8.098,12,2023,2,2023-12-31,20002009.0,538740.4,Конкурентный отбор,11360532,7860,2022-10-04,6
64025.0,770001659621,Кабель SW-FTTH-9-02-3-LSZH Cabeus/9691c,КМ,10.0,1,2024,1,2024-01-20,20001203.0,14588.8,Конкурентный отбор,11362959,1310,2022-10-10,6
64025.0,770001659621,Кабель SW-FTTH-9-02-3-LSZH Cabeus/9691c,КМ,3.0,1,2024,1,2024-01-20,20001203.0,15072.6,Конкурентный отбор,11362959,1320,2022-10-10,6
74750.0,770001534443,Наконечник кабельный НКБ-1-32,ШТ,2.0,12,2023,2,2023-12-31,20001565.0,15018.0,Конкурентный отбор,11363147,2550,2022-10-10,6
64025.0,770001461078,Муфта оптическая SNR-FTTH-FDB-16,ШТ,6.0,1,2024,1,2024-01-29,20001293.0,5400.0,Конкурентный отбор,11365055,440,2022-10-14,6
64025.0,770001659621,Кабель SW-FTTH-9-02-3-LSZH Cabeus/9691c,КМ,3.0,1,2024,1,2024-01-20,20001293.0,15072.6,Конкурентный отбор,11365055,600,2022-10-14,6
69357.0,770001532410,"Кабель EPRCab ПГнг(А)-HF-ХЛ 5х16мкN,PE-1",КМ,0.38,11,2023,2,2023-11-30,20002009.0,3256287.66,Конкурентный отбор,11360532,7750,2022-10-04,7
64025.0,770000967775,Муфта-кросс МКО-К6/А-8SC-ФТ8х3 ССД,ШТ,10.0,12,2023,2,2023-12-15,20001293.0,5760.0,Конкурентный отбор,11365055,430,2022-10-14,7
64025.0,770000967775,Муфта-кросс МКО-К6/А-8SC-ФТ8х3 ССД,ШТ,10.0,12,2023,2,2023-12-15,20002373.0,5760.0,Конкурентный отбор,11365056,590,2022-10-14,7
64025.0,770001358694,Кабель Hyperline/FO-FTTH-IN-9S-8-LSZH-BK,КМ,1.0,11,2023,2,2023-11-30,20002373.0,62442.24,Конкурентный отбор,11365056,780,2022-10-14,7
64025.0,770000148731,"Наконечник штыревой НШвИ 1,0-8",ШТ,100.0,12,2023,2,2023-12-01,20002373.0,1.14,Конкурентный отбор,11367662,2280,2022-10-20,7
64025.0,770000810402,Наконечник ТМЛ 6-6-4 ЗЭТА/zeta10616,ШТ,100.0,12,2023,2,2023-12-01,20002373.0,14.4,Конкурентный отбор,11367662,2290,2022-10-20,7
8536.0,770001616888,Кабель ХОЛДКАБ РэБаВнг(А)-LS 1х185мк/95-,КМ,11.316,12,2023,2,2023-12-12,20000052.0,10795949.94,Конкурентный отбор,11368446,40,2022-10-21,7
69357.0,770001480486,Кабель АУТФОРС КУПЭШвнг(А-LS-ХЛ (4х1)эф,КМ,8.815,9,2023,2,2023-09-30,20002009.0,446450.24,Конкурентный отбор,11360532,7970,2022-10-04,8
69357.0,770001577493,Кабель ВВГ-Пнг(А)-FRLSLTx 2х6ок(N)-1,КМ,0.28,9,2023,2,2023-09-30,20002009.0,258868.51,Конкурентный отбор,11360532,7980,2022-10-04,8
69357.0,770001577493,Кабель ВВГ-Пнг(А)-FRLSLTx 2х6ок(N)-1,КМ,0.2,9,2023,2,2023-09-30,20002009.0,274496.34,Конкурентный отбор,11360532,7990,2022-10-04,8
69357.0,770001480434,Кабель ККГ-ХЛ 1х25 220/380-2,КМ,0.2,9,2023,2,2023-09-04,20002009.0,835861.44,Конкурентный отбор,11366442,2620,2022-10-18,8
64025.0,770001268924,Провод ПуГВ 1х6,КМ,0.3,10,2023,2,2023-10-03,20002373.0,120877.6,Конкурентный отбор,11367662,1980,2022-10-20,8
64025.0,770001443029,Кабель нагревательный 45HTS2-CT,КМ,0.6,10,2023,2,2023-10-01,20001293.0,3628811.51,Конкурентный отбор,11370774,1340,2022-10-26,8
27645.0,770001373199,"Провод СИП-4 4х70-0,6/1",КМ,0.06,12,2022,2,2022-12-31,20000286.0,357000.0,,11360672,60,2022-10-04,9
66923.0,770000100864,Разъем РРМ77/3 IEK/RRP10D-RRM-3,ШТ,20.0,1,2023,1,2023-01-04,20000973.0,120.0,,11361677,20,2022-10-06,9
39295.0,770000372394,"Кабель КСБГнг(А)-FRHF 2х2х1,20",КМ,0.184,12,2022,2,2022-12-20,20000447.0,236481.16,Прочие закупки,11367826,30,2022-10-20,9
38632.0,770000586513,Наконечник ТМЛ 95-10-15 КВТ,ШТ,40.0,1,2023,1,2023-01-11,38632.0,188.96,,11364757,30,2022-10-13,9
64025.0,770001485527,Кабель ЭКАБ МКЭШвнг(А)-FRLS-ХЛ УФ 2х2х1м,КМ,1.65,5,2023,1,2023-05-10,20002373.0,1111224.6,Конкурентный отбор,11362158,270,2022-10-07,10
64025.0,770001456061,Кабель КуПе-ОЭмвзнг(А)-LS-ХЛ 7х2х1-660В,КМ,3.933,5,2023,1,2023-05-17,20002373.0,2010176.1,Конкурентный отбор,11362158,280,2022-10-07,10
64025.0,770001485532,Кабель КуПе-ОЭмвзнг(А)-FRLS-ХЛ 7х2х1-660,КМ,5.7,5,2023,1,2023-05-17,20002373.0,2906523.82,Конкурентный отбор,11362158,290,2022-10-07,10
64025.0,770001485541,Кабель КуПе-ОЭмвзнг(А)-LS-ХЛ 2х2х1-660В,КМ,4.029,5,2023,1,2023-05-17,20002373.0,872159.63,Конкурентный отбор,11362158,300,2022-10-07,10
64025.0,770001494911,Кабель ЭКАБ МКЭШвнг(А)-LS-ХЛ УФ 7х2х1мк,КМ,8.29,5,2023,1,2023-05-17,20002373.0,2880591.31,Конкурентный отбор,11362158,340,2022-10-07,10
64025.0,770001489252,Кабель КГ-ХЛ 1х10-660В,КМ,0.1,5,2023,1,2023-05-30,20001293.0,423370.15,Конкурентный отбор,11366717,370,2022-10-18,10
24446.0,770000932581,Кабель КУМП-ОЭзнг(А)-LS 5х2х1,КМ,1.405,7,2023,2,2023-07-31,20000128.0,240374.4,Конкурентный отбор,11362350,160,2022-10-07,11
24446.0,770001537982,Кабель КУМП-ОЭнг(А)-LS 6х2х1,КМ,0.44,7,2023,2,2023-07-31,20000128.0,286712.4,Конкурентный отбор,11362350,170,2022-10-07,11
24446.0,770000349310,"Кабель ВБШвнг(А)-LS 5х6ок(N,PE)-0,66",КМ,0.45,7,2023,2,2023-07-31,20000128.0,369691.94,Конкурентный отбор,11362661,570,2022-10-07,11
24446.0,770000745332,Кабель ТОФЛЕКС КУВЭаВнг(А)-LS 12х2х1,КМ,0.96,7,2023,2,2023-07-31,20000128.0,606996.59,Конкурентный отбор,11362661,580,2022-10-07,11
24446.0,770001541638,Кабель ЭПОКС-1-МВКВЭфнг(А)-LS 1х2х1,КМ,0.782,7,2023,2,2023-07-31,20000128.0,218980.8,Конкурентный отбор,11362661,590,2022-10-07,11
24446.0,770001537821,"Кабель КУМП-ОЭКснг(А)-FRLS 4х1,5",КМ,0.02,7,2023,2,2023-07-31,20000128.0,824156.4,Конкурентный отбор,11362661,600,2022-10-07,11
24446.0,770001537751,КабельТОФЛЕКС КУВЭаВнг(А)-FRLS 6х2х1,КМ,0.5,7,2023,2,2023-07-31,20000128.0,416922.91,Конкурентный отбор,11362661,610,2022-10-07,11
24446.0,770001537778,"КабельТОФЛЕКС КУВЭаВнг(А)-FRLS 7х1,5-660",КМ,0.5,7,2023,2,2023-07-31,20000128.0,288151.42,Конкурентный отбор,11362661,620,2022-10-07,11
24446.0,770000856839,"Кабель КУМП-ОЭнг(А)-LS 7х1,5",КМ,0.44,7,2023,2,2023-07-31,20000128.0,206103.6,Конкурентный отбор,11362661,630,2022-10-07,11
24446.0,770000837327,"Кабель ВВГнг(А)-LS 5х16ок(N,PE)-0,66",КМ,0.05,7,2023,2,2023-07-31,20000128.0,1469398.1,,11364990,170,2022-10-13,11
24446.0,770000666006,"Кабель ВБШвнг(А)-LS 3х2,5ок(N,PE)-0,66",КМ,0.82,7,2023,2,2023-07-31,20000128.0,207026.81,,11364990,180,2022-10-13,11
24446.0,770000887799,"Кабель ВБШвнг(А)-LS 5х2,5ок(N,PE)-0,66",КМ,0.13,7,2023,2,2023-07-31,20000128.0,303120.14,,11364990,190,2022-10-13,11
24446.0,770000887794,"Кабель ВБШвнг(А)-LS 5х4ок(N,PE)-0,66",КМ,0.13,7,2023,2,2023-07-31,20000128.0,428746.79,,11364990,200,2022-10-13,11
24446.0,770000936585,"Кабель ВБШвнг(А)-LS 5х16ок(N,PE)-0,66",КМ,0.28,7,2023,2,2023-07-31,20000128.0,1365225.83,,11364990,210,2022-10-13,11
24446.0,770001264232,"Кабель ВБШвнг(А)-LS 4х25мк(N)-0,66",КМ,0.18,7,2023,2,2023-07-31,20000128.0,2111030.75,,11364993,510,2022-10-13,11
24446.0,770000790225,"Кабель КВБбШвнг(А)-LS 10х1,5",КМ,0.18,7,2023,2,2023-07-31,20000128.0,509454.53,,11364993,520,2022-10-13,11
24446.0,770001258335,"Кабель КУМП-ОЭзнг(А)-LS 1х2х1,5л",КМ,0.05,7,2023,2,2023-07-31,20000128.0,289589.98,,11364993,530,2022-10-13,11
24446.0,770001479472,"Кабель КУМП-ОЭзнг(А)-LS 1х2х1,5л",КМ,0.253,7,2023,2,2023-07-31,20000128.0,284887.97,,11364993,540,2022-10-13,11
24446.0,770001258341,"Кабель КУМП-ОЭзнг(А)-LS 5х2х1,5л",КМ,0.22,7,2023,2,2023-07-31,20000128.0,922993.76,,11364993,550,2022-10-13,11
24446.0,770001479475,"Кабель НИКИ-КУВШЭм-внг(А)-LS 6х(2х1,5)",КМ,0.44,7,2023,2,2023-07-31,20000128.0,1145268.61,,11364993,560,2022-10-13,11
24446.0,770001258335,"Кабель КУМП-ОЭзнг(А)-LS 1х2х1,5л",КМ,0.05,7,2023,2,2023-07-31,20000128.0,289589.98,,11364993,570,2022-10-13,11
24446.0,770000852272,"Кабель КВВГЭнг(А)-LS 14х1,5",КМ,0.22,7,2023,2,2023-07-31,20000128.0,455201.89,,11364993,580,2022-10-13,11
24446.0,770001537691,Кабель КУМП-ОЭКнг(А)-LS 2х2х1,КМ,0.07,7,2023,2,2023-07-31,20000128.0,543194.4,Конкурентный отбор,11366712,110,2022-10-18,11
24446.0,770001545578,Кабель МКЭШВнг(А)-LS 2х2х1эм,КМ,0.114,7,2023,2,2023-07-31,20000128.0,255522.0,Конкурентный отбор,11369536,500,2022-10-24,11
73273.0,770001466180,"Кабель ВБШвнг(А)-FRLS 5х10ок(N,PE)-1кВ",КМ,0.5,7,2023,2,2023-07-31,20000751.0,917590.39,Конкурентный отбор,11362868,820,2022-10-10,11
73273.0,770001513103,"Кабель гибкий 25G 0,5 Helukabel/23000",КМ,0.1,7,2023,2,2023-07-31,20000751.0,7070933.35,Конкурентный отбор,11369457,330,2022-10-24,11
27605.0,770000893645,"Кабель ELKAFLEX АcКГм-ХЛ 3х95+1х50-0,66",КМ,5.0,7,2023,2,2023-07-31,20001013.0,2644203.86,Конкурентный отбор,11367297,50,2022-10-19,11
38632.0,770001525664,"Кабель КГВВнг(А) 4х1,5мк(N)-0,66кВ",КМ,2.55,7,2023,2,2023-07-28,20000187.0,116311.82,Конкурентный отбор,11370005,130,2022-10-25,11
8536.0,770001448486,"Кабель КВБбШвзнг(А)-LS 14х1,5",КМ,0.36,7,2023,2,2023-07-20,20000052.0,400689.08,Конкурентный отбор,11369103,120,2022-10-24,11
8536.0,770000294578,"Кабель ВБШвнг(А)-LS 5х6ок(N,PE)-1",КМ,0.4,7,2023,2,2023-07-25,20000052.0,569508.01,Конкурентный отбор,11369103,130,2022-10-24,11
8536.0,770001390151,"Кабель КВБбШвзнг(А)-LS 4х1,5",КМ,6.105,7,2023,2,2023-07-20,20000052.0,156559.9,Конкурентный отбор,11369103,140,2022-10-24,11
8536.0,770000899477,Кабель ВБШвнг(А)-LS 4х35мк(N)-1,КМ,0.49,7,2023,2,2023-07-20,20000052.0,1958602.03,Конкурентный отбор,11369103,150,2022-10-24,11
8536.0,770000899477,Кабель ВБШвнг(А)-LS 4х35мк(N)-1,КМ,0.45,7,2023,2,2023-07-20,20000052.0,1915987.19,Конкурентный отбор,11369103,160,2022-10-24,11
8536.0,770000899476,Кабель ВБШвнг(А)-LS 4х10ок(N)-1,КМ,0.87,7,2023,2,2023-07-20,20000052.0,626702.9,Конкурентный отбор,11369103,170,2022-10-24,11
8536.0,770001471947,Кабель HoldCab HF-F LV THF(A) 4х10мк(PE),КМ,0.4,7,2023,2,2023-07-20,20000052.0,898619.22,Конкурентный отбор,11369103,180,2022-10-24,11
8536.0,770001471829,"Кабель КВБбШвзнг(А)-LS 7х1,5",КМ,1.425,7,2023,2,2023-07-20,20000052.0,234101.94,Конкурентный отбор,11369103,190,2022-10-24,11
8536.0,770001471830,"Кабель КВБбШвзнг(А)-LS 10х1,5",КМ,0.705,7,2023,2,2023-07-20,20000052.0,353998.01,Конкурентный отбор,11369103,200,2022-10-24,11
42298.0,770001530101,"Кабель КГтп-ХЛ 4х2,5",КМ,0.05,7,2023,2,2023-07-30,20002440.0,522078.48,,11363324,440,2022-10-10,11
57650.0,770001476330,Кабель СКАБ-СЭо 660нг(А)-HF-ХЛ 27х1м3 в,КМ,0.3,7,2023,2,2023-07-04,20002634.0,3456988.43,Конкурентный отбор,11371796,40,2022-10-27,11
37846.0,770001362469,"Наконечник ВНКИ 2,5-6 КВТ/66635",ШТ,10.0,7,2023,2,2023-07-12,,497.52,Конкурентный отбор,11373506,30,2022-10-31,11
8536.0,770000835882,"Кабель КуПе-ПсОЭвзнг(А)-LS 2х2х1,0",КМ,0.31,5,2023,1,2023-05-10,20000052.0,873289.68,Конкурентный отбор,11364187,1830,2022-10-12,12
40194.0,770001436899,"Кабель КПпБП-120 3х16-3,3кВ",КМ,0.5,4,2023,1,2023-04-29,20000147.0,1180782.55,Конкурентный отбор,11364499,550,2022-10-13,12
8536.0,770000331030,"Кабель ВВГнг(А)-LS 3х2,5ок(N,PE)-1",КМ,0.56,4,2023,1,2023-04-20,20000052.0,136887.65,Конкурентный отбор,11364873,30,2022-10-13,12
8536.0,770001122653,Провод ПуГПнг(А)-HF 1х6(PE) 450/750В,КМ,0.45,5,2023,1,2023-05-10,20000052.0,118469.98,Конкурентный отбор,11365847,40,2022-10-17,12
40194.0,770001436899,"Кабель КПпБП-120 3х16-3,3кВ",КМ,1.0,4,2023,1,2023-04-29,20000147.0,1099684.21,Конкурентный отбор,11367746,190,2022-10-20,12
40194.0,770001148669,Провод неизолированный А120,КМ,2.0,4,2023,1,2023-04-27,20000147.0,148410.3,Конкурентный отбор,11368238,40,2022-10-21,12
78154.0,770001051670,Элемент нагревательный CK-MI-1M.N/17/1P/,М,250.0,4,2023,1,2023-04-30,20001079.0,2664.0,,11367796,100,2022-10-20,12
78154.0,770001052537,Элемент нагревательный CK-MI-1M.S/4000/1,М,250.0,4,2023,1,2023-04-30,20001079.0,4080.0,,11367796,160,2022-10-20,12
78154.0,770001362720,Элемент нагревательный CK-MI-1M.S/1600/,М,250.0,4,2023,1,2023-04-30,20001079.0,3894.0,,11367796,180,2022-10-20,12
78154.0,770001362328,Элемент нагревательный CK-MI-1M.S/250/1P,М,250.0,4,2023,1,2023-04-30,20001079.0,9924.0,,11367796,220,2022-10-20,12
78154.0,770001362553,Элемент нагревательный CK-MI-1M.A/660,М,250.0,4,2023,1,2023-04-30,20001079.0,3048.0,,11367796,440,2022-10-20,12
78154.0,770000066780,Элемент нагревательный CK-MI-2M.15 КРУС,М,250.0,4,2023,1,2023-04-30,20001079.0,10656.0,,11367796,650,2022-10-20,12
78154.0,770000807328,Кабель CK-MI-2M.30,М,250.0,4,2023,1,2023-04-30,20001079.0,10656.0,,11367796,660,2022-10-20,12
78154.0,770000114279,Кабель CK-MI-2M.50 КРУС-Запад,М,250.0,4,2023,1,2023-04-30,20001079.0,10656.0,,11367796,670,2022-10-20,12
78154.0,770000114280,Кабель CK-MI-2M.70 КРУС-Запад,М,250.0,4,2023,1,2023-04-30,20001079.0,10656.0,,11367796,680,2022-10-20,12
78154.0,770001362741,Элемент нагревательный CK-FS.85/15-f,М,250.0,4,2023,1,2023-04-30,20001079.0,2652.0,,11367796,750,2022-10-20,12
78154.0,770001362745,Элемент нагревательный CK-FS.85/25-f,М,250.0,4,2023,1,2023-04-30,20001079.0,2652.0,,11367796,790,2022-10-20,12
78154.0,770001362746,Элемент нагревательный CK-FS.85/26-f,М,250.0,4,2023,1,2023-04-30,20001079.0,2652.0,,11367796,800,2022-10-20,12
78154.0,770001362753,Элемент нагревательный CK-FS.85/33-f,М,250.0,4,2023,1,2023-04-30,20001079.0,2652.0,,11367796,830,2022-10-20,12
78154.0,770001362761,Элемент нагревательный CK-FS.200/25-f,М,250.0,4,2023,1,2023-04-30,20001079.0,5208.0,,11367796,900,2022-10-20,12
78154.0,770001362762,Элемент нагревательный CK-FS.200/30-f,М,250.0,4,2023,1,2023-04-30,20001079.0,5208.0,,11367796,910,2022-10-20,12
78154.0,770001362763,Элемент нагревательный CK-FS.200/45-f,М,250.0,4,2023,1,2023-04-30,20001079.0,5208.0,,11367796,920,2022-10-20,12
78154.0,770001362767,Элемент нагревательный CK-FS.250/19-f,М,250.0,4,2023,1,2023-04-30,20001079.0,6450.0,,11367796,960,2022-10-20,12
78154.0,770001362771,Элемент нагревательный CK-FS.250/38-f,М,250.0,4,2023,1,2023-04-30,20001079.0,6450.0,,11367796,990,2022-10-20,12
78154.0,770000689982,Элемент нагревательный CK-ML/31.5 КРУС,М,150.0,4,2023,1,2023-04-30,20001079.0,1836.0,,11367796,1280,2022-10-20,12
78154.0,770001342570,Элемент CK-ML/50,М,150.0,4,2023,1,2023-04-30,20001079.0,1692.0,,11367796,1290,2022-10-20,12
78154.0,770001040963,Элемент нагревательный CK-ML/150,М,150.0,4,2023,1,2023-04-30,20001079.0,1644.0,,11367796,1330,2022-10-20,12
78154.0,770001040965,Элемент нагревательный CK-ML/200,М,150.0,4,2023,1,2023-04-30,20001079.0,1512.0,,11367796,1340,2022-10-20,12
78154.0,770001040966,Элемент нагревательный CK-ML/1000,М,150.0,4,2023,1,2023-04-30,20001079.0,1452.0,,11367796,1410,2022-10-20,12
78154.0,770001040969,Элемент нагревательный CK-ML/3000,М,150.0,4,2023,1,2023-04-30,20001079.0,1368.0,,11367796,1450,2022-10-20,12
78154.0,770001040970,Элемент нагревательный CK-ML/8000,М,150.0,4,2023,1,2023-04-30,20001079.0,1152.0,,11367796,1460,2022-10-20,12
78154.0,770001362681,"Элемент нагревательный СК-ТН-R-4200/1,2",М,7.0,4,2023,1,2023-04-30,20001079.0,35885.0,,11367796,1500,2022-10-20,12
78154.0,770001362687,Комплект соединительный CK-FS/SMB.CONN,КТ,16.0,4,2023,1,2023-04-30,20001079.0,4680.0,,11367796,1560,2022-10-20,12
64025.0,770000224633,Кабель МКЭШВнг(А)-LS 2х2х1,КМ,1.8,5,2023,1,2023-05-01,20001384.0,576019.86,Конкурентный отбор,11370887,860,2022-10-26,12
64025.0,770000224633,Кабель МКЭШВнг(А)-LS 2х2х1,КМ,1.73,5,2023,1,2023-05-01,20001384.0,576019.86,Конкурентный отбор,11370887,870,2022-10-26,12
64025.0,770000878530,Кабель ДПД-нг(А)-HF-08У (2х4)-16кН,КМ,2.5,4,2023,1,2023-04-14,20001384.0,265065.67,Конкурентный отбор,11370887,900,2022-10-26,12
38632.0,770001065516,Кабель UTP Rexant/01-0045,М,1.0,4,2023,1,2023-04-23,38632.0,9199.0,,11369259,80,2022-10-24,12
37846.0,770001351266,"Кабель МКПпАБпШп 4х4х1,2",КМ,3.4,3,2023,1,2023-03-31,20002083.0,1358105.56,Конкурентный отбор,11364668,10,2022-10-13,13
50630.0,770000411907,"Кабель КПСЭСнг(А)-FRHF 1х2х1,0",КМ,0.5,3,2023,1,2023-03-01,20000734.0,135679.48,Прочие закупки,11365429,20,2022-10-14,13
50630.0,770000347171,Кабель ВВГнг(А)-ХЛ 4х95мс(N)-1,КМ,0.3,3,2023,1,2023-03-31,20000734.0,3507691.2,Прочие закупки,11365882,20,2022-10-17,13
50630.0,770000347171,Кабель ВВГнг(А)-ХЛ 4х95мс(N)-1,КМ,0.055,3,2023,1,2023-03-31,20000734.0,3507691.2,Прочие закупки,11365882,40,2022-10-17,13
50630.0,770000347171,Кабель ВВГнг(А)-ХЛ 4х95мс(N)-1,КМ,0.3,3,2023,1,2023-03-31,20000734.0,3507691.2,Прочие закупки,11365882,50,2022-10-17,13
50630.0,770000603531,Кабель ВВГнг(А)-ХЛ 4х95мс(N)-1,КМ,0.3,3,2023,1,2023-03-31,20000734.0,3487606.8,Прочие закупки,11365882,60,2022-10-17,13
50630.0,770000347171,Кабель ВВГнг(А)-ХЛ 4х95мс(N)-1,КМ,0.147,3,2023,1,2023-03-31,20000734.0,3507691.2,Прочие закупки,11365882,110,2022-10-17,13
50630.0,770000603531,Кабель ВВГнг(А)-ХЛ 4х95мс(N)-1,КМ,0.2,3,2023,1,2023-03-31,20000734.0,3487606.8,Прочие закупки,11365882,120,2022-10-17,13
73273.0,770000652373,Кабель ОКСМс-01-6х4Е3-(15),КМ,5.455,3,2023,1,2023-03-25,20000751.0,92968.18,Прочие закупки,11371300,30,2022-10-27,13
24446.0,770001547182,"Кабель ВВГнг(А)-LS 5х1,5ок(N,PE)-0,66",КМ,0.15,8,2023,2,2023-08-31,20000128.0,166080.0,,11364991,320,2022-10-13,14
24446.0,770000300617,"Кабель ВБШвнг(А)-LS 3х2,5ок(N,PE)-0,66",КМ,0.16,8,2023,2,2023-08-31,20000128.0,231488.64,,11364991,330,2022-10-13,14
24446.0,770001547189,"Кабель ВБШвнг(А)-LS 5х2,5ок(N,PE)-0,66",КМ,0.37,8,2023,2,2023-08-31,20000128.0,300403.22,,11364991,340,2022-10-13,14
24446.0,770000299973,"Кабель ВБШвнг(А)-LS 4х2,5ок(N)-0,66",КМ,0.56,8,2023,2,2023-08-31,20000128.0,253235.32,,11364991,350,2022-10-13,14
24446.0,770000801910,"Кабель КВБбШвнг(А)-LS 7х1,5",КМ,0.15,8,2023,2,2023-08-31,20000128.0,241044.0,,11364991,360,2022-10-13,14
24446.0,770000136139,"Кабель КУИНнг(А)-LS 4х2,5 В Эм",КМ,0.48,8,2023,2,2023-08-31,20000128.0,634397.84,,11372423,300,2022-10-28,14
24446.0,770001356685,"Кабель КУИНнг(А)-LS 1х2х1,5 ЭмВ",КМ,0.021,8,2023,2,2023-08-31,20000128.0,721415.78,,11372423,310,2022-10-28,14
24446.0,770001380671,"Кабель КУИНнг(А)-LS 2х2х1,5 В Эм",КМ,0.6,8,2023,2,2023-08-31,20000128.0,510314.81,,11372423,320,2022-10-28,14
24446.0,770001380681,"Кабель КУИНнг(А)-LS 3х2х1,5 ВЭм",КМ,0.48,8,2023,2,2023-08-31,20000128.0,703789.61,,11372423,330,2022-10-28,14
24446.0,770001356687,"Кабель КУИНнг(А)-LS 4х2х1,5 ЭмВ",КМ,0.3,8,2023,2,2023-08-31,20000128.0,751460.06,,11372423,340,2022-10-28,14
64025.0,770001470258,"Кабель ОКГС-4(G.652.D)-Т/П 1,5кН",КМ,1.0,4,2023,1,2023-04-27,20001293.0,200363.47,Конкурентный отбор,11365055,350,2022-10-14,15
64025.0,770001498598,"Кабель ДПС-П-16У (4х4)-7/0,4кН",КМ,1.0,4,2023,1,2023-04-30,20001293.0,167292.29,Конкурентный отбор,11365055,450,2022-10-14,15
64025.0,770000647593,"Кабель гибкий КГ-ХЛ 5х6-0,66",КМ,0.8,4,2023,1,2023-04-27,20001293.0,571786.28,Конкурентный отбор,11372520,1230,2022-10-28,15
69357.0,770001480434,Кабель ККГ-ХЛ 1х25 220/380-2,КМ,0.2,4,2023,1,2023-04-29,20002009.0,835861.44,Конкурентный отбор,11366329,8130,2022-10-18,15
64025.0,770000936537,"Кабель ВБШв-ХЛ 2х6ок(N)-0,66",КМ,0.437,4,2023,1,2023-04-14,20002373.0,428576.45,Конкурентный отбор,11366897,50,2022-10-18,15
64025.0,770001489251,Кабель ВБШвнг(А)-LS-ХЛ 1х16мк-1кВ,КМ,0.15,5,2023,1,2023-05-05,20002373.0,434943.48,Конкурентный отбор,11366898,40,2022-10-18,15
64025.0,770001489251,Кабель ВБШвнг(А)-LS-ХЛ 1х16мк-1кВ,КМ,0.15,5,2023,1,2023-05-05,20002373.0,434943.48,Конкурентный отбор,11366899,40,2022-10-18,15
64025.0,770000294790,Кабель КВВГЭнг(А)-LS-ХЛ 10х1,КМ,0.025,4,2023,1,2023-04-06,20002373.0,114960.0,Прочие закупки,11367662,920,2022-10-20,15
64025.0,770001470680,"Провод ПуГВнг(А)-LS 1х1,5(PE) 450/750В",КМ,0.012,4,2023,1,2023-04-27,20002373.0,479119.86,Конкурентный отбор,11367662,1410,2022-10-20,15
64025.0,770001470681,"Провод ПуГВнг(А)-LS 1х1,5(N) 450/750В",КМ,0.012,4,2023,1,2023-04-27,20002373.0,120495.47,Конкурентный отбор,11367662,1420,2022-10-20,15
64025.0,770001470682,Провод ПуГВнг(А)-LS 1х1 450/750В,М,40.0,4,2023,1,2023-04-27,20002373.0,92.76,Конкурентный отбор,11367662,1430,2022-10-20,15
64025.0,770001470258,"Кабель ОКГС-4(G.652.D)-Т/П 1,5кН",КМ,1.0,4,2023,1,2023-04-27,20002373.0,200363.47,Конкурентный отбор,11365056,480,2022-10-14,16
64025.0,770001498598,"Кабель ДПС-П-16У (4х4)-7/0,4кН",КМ,1.0,4,2023,1,2023-04-30,20002373.0,167292.29,Конкурентный отбор,11365056,610,2022-10-14,16
64025.0,770001485527,Кабель ЭКАБ МКЭШвнг(А)-FRLS-ХЛ УФ 2х2х1м,КМ,2.45,5,2023,1,2023-05-10,20002373.0,1111224.6,Конкурентный отбор,11366894,160,2022-10-18,16
64025.0,770001485541,Кабель КуПе-ОЭмвзнг(А)-LS-ХЛ 2х2х1-660В,КМ,5.045,5,2023,1,2023-05-17,20002373.0,872159.63,Конкурентный отбор,11366894,170,2022-10-18,16
64025.0,770001485532,Кабель КуПе-ОЭмвзнг(А)-FRLS-ХЛ 7х2х1-660,КМ,9.48,5,2023,1,2023-05-17,20002373.0,2906523.82,Конкурентный отбор,11366894,180,2022-10-18,16
64025.0,770001485527,Кабель ЭКАБ МКЭШвнг(А)-FRLS-ХЛ УФ 2х2х1м,КМ,1.65,5,2023,1,2023-05-10,20002373.0,1111224.6,Конкурентный отбор,11366895,160,2022-10-18,16
64025.0,770001456061,Кабель КуПе-ОЭмвзнг(А)-LS-ХЛ 7х2х1-660В,КМ,3.933,5,2023,1,2023-05-17,20002373.0,2010176.1,Конкурентный отбор,11366895,170,2022-10-18,16
64025.0,770001485532,Кабель КуПе-ОЭмвзнг(А)-FRLS-ХЛ 7х2х1-660,КМ,5.7,5,2023,1,2023-05-17,20002373.0,2906523.82,Конкурентный отбор,11366895,180,2022-10-18,16
64025.0,770001446798,"Кабель РБПнг(А)-HF-ХЛ 4х2,5ок(N)-1",КМ,0.3,4,2023,1,2023-04-30,20002373.0,661905.9,Конкурентный отбор,11371788,100,2022-10-27,16
64025.0,770000852520,"Кабель К9РВСБПМнг(А)-HF 5х2,5ок(N,PE)-1",КМ,0.445,4,2023,1,2023-04-30,20002373.0,649976.12,Конкурентный отбор,11371788,110,2022-10-27,16
64025.0,770000873408,"КабельИнСилРэпБПнг(А)HF-ХЛ 5х50мкN,PE-1",КМ,0.325,4,2023,1,2023-04-30,20002373.0,6387290.46,Конкурентный отбор,11371788,120,2022-10-27,16
64025.0,770000873408,"КабельИнСилРэпБПнг(А)HF-ХЛ 5х50мкN,PE-1",КМ,0.325,4,2023,1,2023-04-30,20002373.0,6387290.46,Конкурентный отбор,11371789,80,2022-10-27,16
64025.0,770000498333,Провод СИП-3 1х95-20,КМ,0.715,4,2023,1,2023-04-27,20002373.0,377811.14,Конкурентный отбор,11371846,40,2022-10-27,16
64025.0,770000955500,Кабель ДПТ-П-24У (3х8)-15кН,КМ,1.7,4,2023,1,2023-04-30,20002373.0,226575.98,Конкурентный отбор,11371906,80,2022-10-27,16
64025.0,770000955500,Кабель ДПТ-П-24У (3х8)-15кН,КМ,6.4,4,2023,1,2023-04-30,20002373.0,226575.98,Конкурентный отбор,11371906,90,2022-10-27,16
64025.0,770000955500,Кабель ДПТ-П-24У (3х8)-15кН,КМ,0.2,4,2023,1,2023-04-30,20002373.0,226575.98,Конкурентный отбор,11371906,100,2022-10-27,16
64025.0,770000807907,"Кабель ВБШвнг(А)-ХЛ 2х6ок(N)-0,66",КМ,0.56,4,2023,1,2023-04-27,20002373.0,252960.0,Конкурентный отбор,11372273,160,2022-10-28,16
64025.0,770000953373,"Кабель ВБШвнг(А)-LS-ХЛ 2х25мк(N)-0,66",КМ,0.4,4,2023,1,2023-04-27,20002373.0,1113840.0,Конкурентный отбор,11372273,180,2022-10-28,16
64025.0,770000098231,"Кабель КПБК-90 3х16-3,3",КМ,1.5,5,2023,1,2023-05-27,20001384.0,911747.59,Конкурентный отбор,11370887,720,2022-10-26,16
64025.0,770001068693,"КабельИнСилРэпБПнг(А)HF-ХЛ 4х2,5ок(PE)-1",КМ,0.22,5,2023,1,2023-05-01,20001384.0,811049.99,Конкурентный отбор,11370887,730,2022-10-26,16
64025.0,770000875288,"КабельИнСилРэпБПнг(А)HF-ХЛ 5х6ок(N,PE-1",КМ,0.35,5,2023,1,2023-05-27,20001384.0,1273602.55,Конкурентный отбор,11370887,740,2022-10-26,16
64025.0,770001474083,Кабель КуПе-ИЭнг(А)-LS-ХЛ 4х1-660В,КМ,1.05,4,2023,1,2023-04-30,20001384.0,533749.42,Конкурентный отбор,11370887,790,2022-10-26,16
64025.0,770001474083,Кабель КуПе-ИЭнг(А)-LS-ХЛ 4х1-660В,КМ,2.505,4,2023,1,2023-04-30,20001384.0,533749.24,Конкурентный отбор,11370887,800,2022-10-26,16
64025.0,770000364437,"Кабель ВБШвнг(А)-LS 5х2,5ок(N,PE)-1",КМ,1.5,4,2023,1,2023-04-27,20001384.0,311865.71,Конкурентный отбор,11370887,810,2022-10-26,16
64025.0,770000364437,"Кабель ВБШвнг(А)-LS 5х2,5ок(N,PE)-1",КМ,2.2,4,2023,1,2023-04-27,20001384.0,311865.71,Конкурентный отбор,11370887,820,2022-10-26,16
64025.0,770001477014,Кабель КВБВнг(А)-LS-ХЛ 14х1,КМ,0.47,4,2023,1,2023-04-27,20001384.0,381676.5,Конкурентный отбор,11370887,840,2022-10-26,16
64025.0,770001477014,Кабель КВБВнг(А)-LS-ХЛ 14х1,КМ,0.6,4,2023,1,2023-04-27,20001384.0,381676.5,Конкурентный отбор,11370887,850,2022-10-26,16
64025.0,770001461078,Муфта оптическая SNR-FTTH-FDB-16,ШТ,4.0,2,2024,1,2024-02-23,20002373.0,5400.0,Конкурентный отбор,11365056,600,2022-10-14,17
73273.0,770000128214,Провод СИП-3 1х95-20,КМ,0.5,10,2023,2,2023-10-30,20000751.0,179345.23,Конкурентный отбор,11365149,120,2022-10-14,18
64025.0,770001477757,Кабель 30HTS2-CT ETIREX-Chromalox,М,350.0,10,2023,2,2023-10-01,20001384.0,3600.0,Конкурентный отбор,11370887,920,2022-10-26,18
38632.0,770001184222,"Кабель ВБШвнг(А)-ХЛ 5х2,5ок(N,PE)-0,66",КМ,0.465,2,2023,1,2023-02-15,38632.0,237264.0,,11366082,30,2022-10-17,19
38632.0,770000835941,Кабель Premium SkyNet/CSP-UTP-4-CU,ШТ,1.0,2,2023,1,2023-02-22,38632.0,11499.0,,11369259,70,2022-10-24,19
38632.0,770000128533,Наконечник 120-16-18-М-УХЛ3,ШТ,1.0,1,2023,1,2023-01-24,38632.0,312.0,,11370787,20,2022-10-26,19
38632.0,770000128533,Наконечник 120-16-18-М-УХЛ3,ШТ,15.0,1,2023,1,2023-01-24,38632.0,312.0,,11370836,20,2022-10-26,19
38632.0,770000128533,Наконечник 120-16-18-М-УХЛ3,ШТ,1.0,1,2023,1,2023-01-25,38632.0,312.0,,11371156,20,2022-10-27,19
27645.0,770000283200,Провод СИП-3 1х120-20,КМ,30.448,3,2023,1,2023-03-30,20000539.0,227820.35,Конкурентный отбор,11368305,410,2022-10-21,20
27645.0,770000125108,"Кабель ВБШвнг(A)-ХЛ 5х2,5ок(N,PE)-1",КМ,15.0,3,2023,1,2023-03-30,20000539.0,251912.71,Конкурентный отбор,11368305,450,2022-10-21,20
27645.0,770001179192,Провод неизолированный А120,Т,21.916,3,2023,1,2023-03-30,20000539.0,436175.59,Конкурентный отбор,11368305,490,2022-10-21,20
27645.0,770001179192,Провод неизолированный А120,Т,28.084,3,2023,1,2023-03-30,20000539.0,436175.59,Конкурентный отбор,11368305,830,2022-10-21,20
27645.0,770000283200,Провод СИП-3 1х120-20,КМ,19.552,3,2023,1,2023-03-30,20000539.0,227820.35,Конкурентный отбор,11368305,840,2022-10-21,20
38632.0,770001480709,Кабель ВБШвнг(А)-LS-ХЛ 4х95мс(N)-1,КМ,0.08,4,2023,1,2023-04-15,20000187.0,7392007.74,Конкурентный отбор,11370005,120,2022-10-25,20
59.0,770000011244,Провод неизолированный А120,КМ,3.883,3,2023,1,2023-03-16,20000221.0,586470.96,Прочие закупки,11370962,20,2022-10-26,20
24446.0,770000888211,Кабель КУМП-ОЭзнг(А)-LS 2х2х1,КМ,0.109,3,2023,1,2023-03-31,20000128.0,242479.48,Конкурентный отбор,11369363,270,2022-10-24,20
24446.0,770000983724,Кабель КУМП-ОЭсзнг(А)-FRLS 2х2х1,КМ,0.2,3,2023,1,2023-03-31,20000128.0,310084.31,Конкурентный отбор,11369363,280,2022-10-24,20
24446.0,770001296138,"Кабель КУМП-Азнг(А)-LS 1х2х1,0",КМ,0.25,3,2023,1,2023-03-31,20000128.0,160152.12,Конкурентный отбор,11369363,290,2022-10-24,20
24446.0,770001296125,Кабель КУМП-ОЭзнг(А)-LS 12х2х1,КМ,0.35,3,2023,1,2023-03-31,20000128.0,1218658.96,Конкурентный отбор,11369363,300,2022-10-24,20
24446.0,770001421346,Кабель ТОФЛЕКС КУВЭаВнг(А)-LS 6х2х1-660,КМ,0.648,3,2023,1,2023-03-31,20000128.0,624795.58,Конкурентный отбор,11369363,310,2022-10-24,20
24446.0,770000983759,Кабель КУМП-ОЭсзнг(А)-FRLS 1х2х1,КМ,0.25,3,2023,1,2023-03-31,20000128.0,193828.18,Конкурентный отбор,11369363,320,2022-10-24,20
24446.0,770001296131,Кабель КУМП-ОЭсзнг(А)-FRLS 12х2х1,КМ,0.3,3,2023,1,2023-03-31,20000128.0,1625022.23,Конкурентный отбор,11369363,330,2022-10-24,20
24446.0,770000989202,Кабель КУМП-ОЭсзнг(А)-FRLS 8х2х1,КМ,1.5,3,2023,1,2023-03-31,20000128.0,1101282.13,Конкурентный отбор,11369363,340,2022-10-24,20
24446.0,770000932582,Кабель КУМП-ОЭзнг(А)-LS 3х2х1,КМ,0.184,3,2023,1,2023-03-31,20000128.0,322442.7,Конкурентный отбор,11369363,350,2022-10-24,20
24446.0,770000781389,Кабель КУМП-ОЭзнг(А)-LS 1х2х1,КМ,0.537,3,2023,1,2023-03-31,20000128.0,157285.7,Конкурентный отбор,11369363,360,2022-10-24,20
24446.0,770000618431,Кабель ТОФЛЕКС КУВЭаВнг(А)-LS 8х2х1,КМ,0.4,3,2023,1,2023-03-31,20000128.0,847913.75,Конкурентный отбор,11369363,370,2022-10-24,20
27645.0,770001435448,"Кабель Вз-РэЭБПнг(А)-HF-ХЛ 3х2,5окN,PE-1",КМ,10.0,6,2024,1,2024-06-28,20000539.0,676274.72,Конкурентный отбор,11368305,680,2022-10-21,21
27645.0,770001116327,"Кабель Вз-РэРэГнг(А)-HF-ХЛ 5х10окN,PE-1",КМ,5.0,6,2024,1,2024-06-28,20000539.0,1519609.13,Конкурентный отбор,11368305,700,2022-10-21,21
27645.0,770001116303,"Кабель Вз-РэБРэнг(А)-HF-ХЛ 5х35мк(N,PE-1",КМ,3.0,6,2024,1,2024-06-28,20000539.0,5075512.38,Конкурентный отбор,11368305,720,2022-10-21,21
27645.0,770000809728,"Кабель РПГнг(А)-HF-ХЛ 3х2,5-1",КМ,10.0,6,2024,1,2024-06-28,20000539.0,412647.44,Конкурентный отбор,11368305,730,2022-10-21,21
27645.0,770000084824,"Кабель КПСЭнг(А)-FRHF 2х2х1,5",КМ,5.0,6,2024,1,2024-06-28,20000539.0,980480.4,Конкурентный отбор,11368305,760,2022-10-21,21
27645.0,770001554706,"Кабель ЭКАБ МКЭКоПгнг(А)-HF 5х1,5мг-660В",КМ,10.0,6,2024,1,2024-06-28,20000539.0,1431230.1,Конкурентный отбор,11368305,780,2022-10-21,21
27645.0,770000117647,"Кабель КПСЭнг(А)-FRLS 2х2х0,5",КМ,5.0,6,2024,1,2024-06-28,20000539.0,519030.28,Конкурентный отбор,11368305,820,2022-10-21,21
27645.0,770000847260,"КабельИнСилРэпБПнг(А)HF-ХЛ 3х2,5окN,PE-1",КМ,5.0,12,2024,2,2024-12-31,20000539.0,496955.17,Конкурентный отбор,11368305,690,2022-10-21,22
27645.0,770000873407,"КабельИнСилРэпБПнг(А)HF-ХЛ 5х25мкN,PE-1",КМ,5.0,12,2024,2,2024-12-31,20000539.0,4097413.8,Конкурентный отбор,11368305,710,2022-10-21,22
27645.0,770001554709,Кабель ЭПОКС-МВВЭнг(А)-ХЛ 2х2х1,КМ,5.0,12,2024,2,2024-12-28,20000539.0,146850.76,Конкурентный отбор,11368305,750,2022-10-21,22
27645.0,770001554699,"Кабель КуПе-ОЭмКвнг(А)-HF 4х1,5 5кл-660В",КМ,10.0,12,2024,2,2024-12-31,20000539.0,1353340.21,Конкурентный отбор,11368305,770,2022-10-21,22
27645.0,770000853002,"Кабель МКЭКШВ-Гнг(А)-HF 7х1,5 кп",КМ,10.0,12,2024,2,2024-12-31,20000539.0,1778795.93,Конкурентный отбор,11368305,790,2022-10-21,22
27645.0,770001554713,"Кабель КуПе-ОЭмКвнг(А)-HF 10х1,5 5кл-660",КМ,10.0,12,2024,2,2024-12-31,20000539.0,2355873.96,Конкурентный отбор,11368305,800,2022-10-21,22
27645.0,770001146121,Кабель ЭПОКС-1-МВКВЭфнг(А)-LS 2х2х1,КМ,10.0,12,2024,2,2024-12-28,20000539.0,1103181.1,Конкурентный отбор,11368305,810,2022-10-21,22
27645.0,770000084551,"Кабель КПСЭнг(А)-FRHF 2х2х1,0",КМ,5.0,5,2024,1,2024-05-28,20000539.0,799373.02,Конкурентный отбор,11368305,740,2022-10-21,23
38632.0,770001263195,Кабель нагревательный,М,2050.0,5,2024,1,2024-05-27,20000187.0,2332.2,Конкурентный отбор,11370005,150,2022-10-25,23
64025.0,770001216506,Комплект КСР-2,КТ,50.0,4,2024,1,2024-04-15,20001293.0,3203.83,Конкурентный отбор,11372520,1510,2022-10-28,24
